Combinacion,Casos_encontrados,Casos_totales
ANTECEDENTS_PROC_3E0337Z == 1.0 & AGE_HIGHER_60 == 1.0 & AGE_40_60 == 0 & ANTECEDENTS_PROC_3E013GC == 1 & ANTECEDENTS_PROC_3E013NZ == 0.0 & ANTECEDENTS_PROC_3E0333Z == 1.0 & ANTECEDENTS_PROC_3E033NZ == 1.0 & ANTECEDENTS_PROC_BW03ZZZ == 0.0 & SEXO == 1.0 & ANTECEDENTS_DIA_SHORT_I10 == 1,1,1
ANTECEDENTS_PROC_3E0337Z == 0.0 & AGE_HIGHER_60 == 1.0 & AGE_40_60 == 0 & ANTECEDENTS_PROC_3E013GC == 1 & ANTECEDENTS_PROC_3E013NZ == 0.0 & ANTECEDENTS_PROC_3E0333Z == 1.0 & ANTECEDENTS_PROC_3E033NZ == 0.0 & ANTECEDENTS_PROC_BW03ZZZ == 0.0 & SEXO == 0.0 & ANTECEDENTS_DIA_SHORT_I10 == 1,1,1
ANTECEDENTS_PROC_3E0337Z == 0.0 & AGE_HIGHER_60 == 1.0 & AGE_40_60 == 0 & ANTECEDENTS_PROC_3E013NZ == 0 & ANTECEDENTS_PROC_3E013GC == 0.0 & ANTECEDENTS_PROC_8E0ZXY6 == 1.0 & ANTECEDENTS_PROC_3E033NZ == 0.0 & AGE_LOWER_40 == 0.0 & SEXO == 1 & ANTECEDENTS_PROC_BW03ZZZ == 1,4,4
ANTECEDENTS_PROC_3E0337Z == 1.0 & AGE_HIGHER_60 == 1.0 & AGE_40_60 == 0 & ANTECEDENTS_PROC_3E013NZ == 0 & ANTECEDENTS_PROC_3E013GC == 1.0 & ANTECEDENTS_PROC_3E033NZ == 0.0 & ANTECEDENTS_PROC_8E0ZXY6 == 1.0 & ANTECEDENTS_DIA_SHORT_I10 == 1.0 & SEXO == 0,1,1
ANTECEDENTS_PROC_3E0337Z == 0.0 & AGE_HIGHER_60 == 1.0 & AGE_40_60 == 0 & ANTECEDENTS_PROC_3E013NZ == 0 & ANTECEDENTS_PROC_3E013GC == 1.0 & ANTECEDENTS_PROC_8E0ZXY6 == 1.0 & ANTECEDENTS_PROC_3E033NZ == 1.0 & AGE_LOWER_40 == 0.0 & SEXO == 0 & ANTECEDENTS_DIA_SHORT_J80 == 0 & ANTECEDENTS_DIA_SHORT_I10 == 1,3,3
ANTECEDENTS_PROC_3E0337Z == 0.0 & AGE_HIGHER_60 == 1.0 & AGE_40_60 == 0 & ANTECEDENTS_PROC_3E013GC == 1 & ANTECEDENTS_PROC_3E013NZ == 0.0 & ANTECEDENTS_PROC_3E0333Z == 1.0 & ANTECEDENTS_PROC_3E033NZ == 0.0 & ANTECEDENTS_PROC_BW03ZZZ == 0,2,2
ANTECEDENTS_PROC_3E0337Z == 0.0 & AGE_HIGHER_60 == 1.0 & AGE_40_60 == 0 & ANTECEDENTS_PROC_3E013GC == 1 & ANTECEDENTS_PROC_3E013NZ == 0.0 & ANTECEDENTS_PROC_3E0333Z == 1.0 & ANTECEDENTS_PROC_3E033NZ == 0.0 & ANTECEDENTS_PROC_BW03ZZZ == 1,1,1
ANTECEDENTS_PROC_3E0337Z == 0.0 & AGE_HIGHER_60 == 0.0 & AGE_40_60 == 1 & ANTECEDENTS_PROC_3E013NZ == 0 & ANTECEDENTS_PROC_3E013GC == 1.0 & ANTECEDENTS_PROC_8E0ZXY6 == 1.0 & SEXO == 0,11,11
ANTECEDENTS_PROC_3E0337Z == 0.0 & AGE_HIGHER_60 == 0.0 & AGE_40_60 == 1 & ANTECEDENTS_PROC_3E013NZ == 0 & ANTECEDENTS_PROC_3E013GC == 1.0 & ANTECEDENTS_PROC_8E0ZXY6 == 1.0 & SEXO == 1,2,2
ANTECEDENTS_PROC_3E0337Z == 0.0 & AGE_HIGHER_60 == 1.0 & AGE_40_60 == 0 & ANTECEDENTS_PROC_3E013NZ == 0 & ANTECEDENTS_PROC_3E013GC == 0.0 & ANTECEDENTS_PROC_3E033NZ == 1.0 & ANTECEDENTS_PROC_3E0333Z == 1.0 & SEXO == 0,2,2
ANTECEDENTS_PROC_3E0337Z == 0.0 & AGE_HIGHER_60 == 1.0 & AGE_40_60 == 0 & ANTECEDENTS_PROC_3E013NZ == 0 & ANTECEDENTS_PROC_3E013GC == 1.0 & ANTECEDENTS_PROC_3E033NZ == 1.0 & SEXO == 1.0 & ANTECEDENTS_DIA_SHORT_I10 == 0 & ANTECEDENTS_PROC_5A1955Z == 0.0 & ANTECEDENTS_PROC_8E0ZXY6 == 1,1,1
ANTECEDENTS_PROC_3E0337Z == 0.0 & AGE_HIGHER_60 == 0.0 & AGE_40_60 == 1 & ANTECEDENTS_PROC_3E013NZ == 0 & ANTECEDENTS_PROC_3E013GC == 1.0 & ANTECEDENTS_PROC_8E0ZXY6 == 1.0 & SEXO == 1.0 & ANTECEDENTS_PROC_3E033NZ == 1 & ANTECEDENTS_DIA_SHORT_R99 == 0.0 & ANTECEDENTS_DIA_SHORT_I10 == 0,2,2
ANTECEDENTS_PROC_3E0337Z == 0.0 & AGE_HIGHER_60 == 1.0 & AGE_40_60 == 0 & ANTECEDENTS_PROC_3E013NZ == 0 & ANTECEDENTS_PROC_3E013GC == 1.0 & ANTECEDENTS_PROC_8E0ZXY6 == 1.0 & ANTECEDENTS_PROC_3E033NZ == 1.0 & ANTECEDENTS_PROC_BW03ZZZ == 1.0 & SEXO == 0.0 & ANTECEDENTS_PROC_3E033GC == 1 & AGE_LOWER_40 == 0.0 & ANTECEDENTS_PROC_3E0333Z == 0,1,1
ANTECEDENTS_PROC_3E0337Z == 0.0 & AGE_HIGHER_60 == 1.0 & AGE_40_60 == 0 & ANTECEDENTS_PROC_3E013NZ == 0 & ANTECEDENTS_PROC_3E013GC == 1.0 & ANTECEDENTS_PROC_8E0ZXY6 == 1.0 & ANTECEDENTS_PROC_3E033NZ == 1.0 & ANTECEDENTS_PROC_BW03ZZZ == 1.0 & SEXO == 0.0 & ANTECEDENTS_PROC_3E033GC == 1 & AGE_LOWER_40 == 0.0 & ANTECEDENTS_PROC_3E0333Z == 1,1,1
ANTECEDENTS_PROC_3E0337Z == 0.0 & AGE_HIGHER_60 == 1.0 & AGE_40_60 == 0 & ANTECEDENTS_PROC_3E013GC == 0 & ANTECEDENTS_PROC_3E013NZ == 0.0 & ANTECEDENTS_PROC_3E0333Z == 1.0 & ANTECEDENTS_PROC_3E033NZ == 1.0 & ANTECEDENTS_PROC_BW03ZZZ == 1.0 & SEXO == 0,2,2
ANTECEDENTS_PROC_3E0337Z == 0.0 & AGE_HIGHER_60 == 1.0 & AGE_40_60 == 0 & ANTECEDENTS_PROC_3E013NZ == 0 & ANTECEDENTS_PROC_3E013GC == 0.0 & ANTECEDENTS_PROC_8E0ZXY6 == 1.0 & ANTECEDENTS_PROC_3E033NZ == 1.0 & AGE_LOWER_40 == 0.0 & SEXO == 1 & ANTECEDENTS_PROC_BW03ZZZ == 1 & ANTECEDENTS_DIA_SHORT_I10 == 0,3,3
ANTECEDENTS_PROC_3E0337Z == 0.0 & AGE_HIGHER_60 == 1.0 & AGE_40_60 == 0 & ANTECEDENTS_PROC_3E013NZ == 0 & ANTECEDENTS_PROC_3E013GC == 0.0 & ANTECEDENTS_PROC_8E0ZXY6 == 1.0 & ANTECEDENTS_PROC_3E033NZ == 1.0 & AGE_LOWER_40 == 0.0 & SEXO == 1 & ANTECEDENTS_PROC_BW03ZZZ == 1 & ANTECEDENTS_DIA_SHORT_I10 == 1,1,1
ANTECEDENTS_PROC_3E0337Z == 1.0 & AGE_HIGHER_60 == 1.0 & AGE_40_60 == 0 & ANTECEDENTS_PROC_3E013NZ == 0 & ANTECEDENTS_PROC_3E013GC == 1.0 & ANTECEDENTS_PROC_3E0333Z == 0.0 & ANTECEDENTS_PROC_3E033NZ == 0.0 & ANTECEDENTS_PROC_8E0ZXY6 == 1.0 & SEXO == 0,3,3
ANTECEDENTS_PROC_3E0337Z == 1.0 & AGE_HIGHER_60 == 1.0 & AGE_40_60 == 0 & ANTECEDENTS_PROC_3E013NZ == 0 & ANTECEDENTS_PROC_3E013GC == 1.0 & ANTECEDENTS_PROC_3E0333Z == 0.0 & ANTECEDENTS_PROC_3E033NZ == 0.0 & ANTECEDENTS_PROC_8E0ZXY6 == 1.0 & SEXO == 1,1,1
ANTECEDENTS_PROC_3E0337Z == 0.0 & AGE_HIGHER_60 == 1.0 & AGE_40_60 == 0 & ANTECEDENTS_PROC_3E013NZ == 0 & ANTECEDENTS_PROC_3E013GC == 1.0 & ANTECEDENTS_PROC_3E033NZ == 0.0 & SEXO == 0.0 & ANTECEDENTS_PROC_8E0ZXY6 == 1 & AGE_LOWER_40 == 0.0 & ANTECEDENTS_PROC_3E0F7GC == 0 & ANTECEDENTS_DIA_SHORT_G20 == 0.0 & ANTECEDENTS_PROC_3E0333Z == 0.0 & ANTECEDENTS_DIA_SHORT_I10 == 0,2,2
ANTECEDENTS_PROC_3E0337Z == 0.0 & AGE_HIGHER_60 == 1.0 & AGE_40_60 == 0 & ANTECEDENTS_PROC_3E013NZ == 0 & ANTECEDENTS_PROC_3E013GC == 1.0 & ANTECEDENTS_PROC_3E033NZ == 0.0 & SEXO == 0.0 & ANTECEDENTS_PROC_8E0ZXY6 == 1 & AGE_LOWER_40 == 0.0 & ANTECEDENTS_PROC_3E0F7GC == 0 & ANTECEDENTS_DIA_SHORT_G20 == 0.0 & ANTECEDENTS_PROC_3E0333Z == 0.0 & ANTECEDENTS_DIA_SHORT_I10 == 1,5,5
ANTECEDENTS_PROC_3E0337Z == 0.0 & AGE_HIGHER_60 == 1.0 & AGE_40_60 == 0 & ANTECEDENTS_PROC_3E013GC == 0 & ANTECEDENTS_PROC_3E013NZ == 0.0 & ANTECEDENTS_PROC_3E0333Z == 1.0 & ANTECEDENTS_PROC_3E033NZ == 0.0 & ANTECEDENTS_PROC_BW03ZZZ == 0.0 & SEXO == 0.0 & ANTECEDENTS_DIA_SHORT_I10 == 0,1,1
ANTECEDENTS_PROC_3E0337Z == 1.0 & AGE_HIGHER_60 == 0.0 & AGE_40_60 == 1 & ANTECEDENTS_PROC_3E013NZ == 0 & ANTECEDENTS_PROC_3E013GC == 0.0 & ANTECEDENTS_PROC_8E0ZXY6 == 1.0 & ANTECEDENTS_PROC_3E033NZ == 1.0 & AGE_LOWER_40 == 0.0 & SEXO == 0,1,1
ANTECEDENTS_PROC_3E0337Z == 1.0 & AGE_HIGHER_60 == 1.0 & AGE_40_60 == 0 & ANTECEDENTS_PROC_3E013NZ == 0 & ANTECEDENTS_PROC_3E013GC == 1.0 & ANTECEDENTS_PROC_3E0333Z == 0.0 & ANTECEDENTS_PROC_3E033NZ == 0,4,4
ANTECEDENTS_PROC_3E0337Z == 0.0 & AGE_HIGHER_60 == 1.0 & AGE_40_60 == 0 & ANTECEDENTS_PROC_3E013NZ == 0 & ANTECEDENTS_PROC_3E013GC == 0.0 & ANTECEDENTS_PROC_8E0ZXY6 == 1.0 & ANTECEDENTS_PROC_3E033NZ == 0.0 & AGE_LOWER_40 == 0.0 & SEXO == 1,4,4
ANTECEDENTS_PROC_3E0337Z == 0.0 & AGE_HIGHER_60 == 1.0 & AGE_40_60 == 0 & ANTECEDENTS_PROC_3E013NZ == 0 & ANTECEDENTS_PROC_3E013GC == 1.0 & ANTECEDENTS_PROC_3E033NZ == 0.0 & SEXO == 0.0 & ANTECEDENTS_DIA_SHORT_I10 == 1 & ANTECEDENTS_PROC_5A1955Z == 0,8,8
ANTECEDENTS_PROC_3E0337Z == 1.0 & AGE_HIGHER_60 == 1.0 & AGE_40_60 == 0 & ANTECEDENTS_PROC_3E013NZ == 0 & ANTECEDENTS_PROC_3E013GC == 0.0 & ANTECEDENTS_PROC_3E033NZ == 1.0 & ANTECEDENTS_PROC_3E0333Z == 0.0 & SEXO == 0.0 & ANTECEDENTS_DIA_SHORT_F05 == 0 & ANTECEDENTS_PROC_8E0ZXY6 == 1.0 & ANTECEDENTS_DIA_SHORT_I10 == 0,1,1
ANTECEDENTS_PROC_3E0337Z == 0.0 & AGE_HIGHER_60 == 1.0 & AGE_40_60 == 0 & ANTECEDENTS_PROC_3E013GC == 0 & ANTECEDENTS_PROC_3E013NZ == 0.0 & ANTECEDENTS_PROC_3E0333Z == 1.0 & ANTECEDENTS_PROC_3E033NZ == 0.0 & ANTECEDENTS_PROC_BW03ZZZ == 1,3,3
ANTECEDENTS_PROC_3E0337Z == 0.0 & AGE_HIGHER_60 == 1.0 & AGE_40_60 == 0 & ANTECEDENTS_PROC_3E013NZ == 0 & ANTECEDENTS_PROC_3E013GC == 0.0 & ANTECEDENTS_PROC_3E033NZ == 0.0 & SEXO == 0.0 & ANTECEDENTS_DIA_SHORT_I10 == 0 & ANTECEDENTS_PROC_5A1955Z == 0.0 & ANTECEDENTS_PROC_8E0ZXY6 == 1,2,2
ANTECEDENTS_PROC_3E0337Z == 0.0 & AGE_HIGHER_60 == 1.0 & AGE_40_60 == 0 & ANTECEDENTS_PROC_3E013NZ == 0 & ANTECEDENTS_PROC_3E013GC == 1.0 & ANTECEDENTS_PROC_3E033NZ == 0.0 & SEXO == 0.0 & ANTECEDENTS_PROC_8E0ZXY6 == 1 & AGE_LOWER_40 == 0.0 & ANTECEDENTS_PROC_3E0F7GC == 0 & ANTECEDENTS_DIA_SHORT_G20 == 0.0 & ANTECEDENTS_PROC_3E0333Z == 0.0 & ANTECEDENTS_DIA_SHORT_I10 == 1.0 & ANTECEDENTS_PROC_BW03ZZZ == 0,2,2
ANTECEDENTS_PROC_3E0337Z == 0.0 & AGE_HIGHER_60 == 1.0 & AGE_40_60 == 0 & ANTECEDENTS_PROC_3E013NZ == 0 & ANTECEDENTS_PROC_3E013GC == 1.0 & ANTECEDENTS_PROC_3E033NZ == 0.0 & SEXO == 0.0 & ANTECEDENTS_PROC_8E0ZXY6 == 1 & AGE_LOWER_40 == 0.0 & ANTECEDENTS_PROC_3E0F7GC == 0 & ANTECEDENTS_DIA_SHORT_G20 == 0.0 & ANTECEDENTS_PROC_3E0333Z == 0.0 & ANTECEDENTS_DIA_SHORT_I10 == 1.0 & ANTECEDENTS_PROC_BW03ZZZ == 1,3,3
ANTECEDENTS_PROC_3E0337Z == 1.0 & AGE_HIGHER_60 == 1.0 & AGE_40_60 == 0 & ANTECEDENTS_PROC_3E013NZ == 0 & ANTECEDENTS_PROC_3E013GC == 1.0 & ANTECEDENTS_PROC_3E033NZ == 1.0 & ANTECEDENTS_PROC_8E0ZXY6 == 1.0 & ANTECEDENTS_DIA_SHORT_I10 == 0.0 & SEXO == 1,3,3
ANTECEDENTS_PROC_3E0337Z == 0.0 & AGE_HIGHER_60 == 1.0 & AGE_40_60 == 0 & ANTECEDENTS_PROC_3E013NZ == 0 & ANTECEDENTS_PROC_3E013GC == 0.0 & ANTECEDENTS_PROC_8E0ZXY6 == 1.0 & ANTECEDENTS_PROC_3E033NZ == 1.0 & ANTECEDENTS_PROC_BW03ZZZ == 1.0 & SEXO == 1,4,4
ANTECEDENTS_PROC_3E0337Z == 0.0 & AGE_HIGHER_60 == 0.0 & AGE_40_60 == 1 & ANTECEDENTS_PROC_3E013NZ == 0 & ANTECEDENTS_PROC_3E013GC == 1.0 & ANTECEDENTS_PROC_8E0ZXY6 == 1.0 & ANTECEDENTS_PROC_3E033NZ == 1.0 & AGE_LOWER_40 == 0.0 & SEXO == 0,6,6
ANTECEDENTS_PROC_3E0337Z == 0.0 & AGE_HIGHER_60 == 0.0 & AGE_40_60 == 1 & ANTECEDENTS_PROC_3E013NZ == 0 & ANTECEDENTS_PROC_3E013GC == 1.0 & ANTECEDENTS_PROC_8E0ZXY6 == 1.0 & ANTECEDENTS_PROC_3E033NZ == 1.0 & AGE_LOWER_40 == 0.0 & SEXO == 1,2,2
ANTECEDENTS_PROC_3E0337Z == 0.0 & AGE_HIGHER_60 == 1.0 & AGE_40_60 == 0 & ANTECEDENTS_PROC_3E013NZ == 0 & ANTECEDENTS_PROC_3E013GC == 1.0 & ANTECEDENTS_PROC_3E033NZ == 0.0 & ANTECEDENTS_PROC_8E0ZXY6 == 1.0 & ANTECEDENTS_DIA_SHORT_I10 == 1.0 & SEXO == 0.0 & ANTECEDENTS_PROC_3E0333Z == 0 & ANTECEDENTS_PROC_BW03ZZZ == 0,2,2
ANTECEDENTS_PROC_3E0337Z == 0.0 & AGE_HIGHER_60 == 1.0 & AGE_40_60 == 0 & ANTECEDENTS_PROC_3E013NZ == 0 & ANTECEDENTS_PROC_3E013GC == 1.0 & ANTECEDENTS_PROC_3E033NZ == 0.0 & ANTECEDENTS_PROC_8E0ZXY6 == 1.0 & ANTECEDENTS_DIA_SHORT_I10 == 1.0 & SEXO == 0.0 & ANTECEDENTS_PROC_3E0333Z == 0 & ANTECEDENTS_PROC_BW03ZZZ == 1,4,4
ANTECEDENTS_PROC_3E0337Z == 1.0 & AGE_HIGHER_60 == 1.0 & AGE_40_60 == 0 & ANTECEDENTS_PROC_3E013NZ == 0 & ANTECEDENTS_PROC_3E013GC == 1.0 & ANTECEDENTS_PROC_3E033NZ == 0.0 & SEXO == 1.0 & ANTECEDENTS_DIA_SHORT_I10 == 0,1,1
ANTECEDENTS_PROC_3E0337Z == 1.0 & AGE_HIGHER_60 == 1.0 & AGE_40_60 == 0 & ANTECEDENTS_PROC_3E013NZ == 0 & ANTECEDENTS_PROC_3E013GC == 0.0 & ANTECEDENTS_PROC_3E0333Z == 1.0 & ANTECEDENTS_PROC_3E033NZ == 1.0 & ANTECEDENTS_PROC_8E0ZXY6 == 1.0 & SEXO == 0.0 & ANTECEDENTS_PROC_BW03ZZZ == 0,1,1
ANTECEDENTS_PROC_3E0337Z == 0.0 & AGE_HIGHER_60 == 1.0 & AGE_40_60 == 0 & ANTECEDENTS_PROC_3E013NZ == 0 & ANTECEDENTS_PROC_3E013GC == 0.0 & ANTECEDENTS_PROC_3E033NZ == 1.0 & SEXO == 1.0 & ANTECEDENTS_DIA_SHORT_I10 == 0 & ANTECEDENTS_PROC_5A1955Z == 0.0 & ANTECEDENTS_PROC_8E0ZXY6 == 1.0 & ANTECEDENTS_PROC_3E0333Z == 0.0 & ANTECEDENTS_PROC_BW03ZZZ == 1.0 & ANTECEDENTS_DIA_SHORT_J80 == 0.0 & ANTECEDENTS_PROC_3E033GC == 0,1,1
ANTECEDENTS_PROC_3E0337Z == 0.0 & AGE_HIGHER_60 == 1.0 & AGE_40_60 == 0 & ANTECEDENTS_PROC_3E013NZ == 0 & ANTECEDENTS_PROC_3E013GC == 0.0 & ANTECEDENTS_PROC_3E033NZ == 1.0 & SEXO == 1.0 & ANTECEDENTS_DIA_SHORT_I10 == 0 & ANTECEDENTS_PROC_5A1955Z == 0.0 & ANTECEDENTS_PROC_8E0ZXY6 == 1.0 & ANTECEDENTS_PROC_3E0333Z == 0.0 & ANTECEDENTS_PROC_BW03ZZZ == 1.0 & ANTECEDENTS_DIA_SHORT_J80 == 0.0 & ANTECEDENTS_PROC_3E033GC == 1,2,2
ANTECEDENTS_PROC_3E0337Z == 0.0 & AGE_HIGHER_60 == 1.0 & AGE_40_60 == 0 & ANTECEDENTS_PROC_3E013NZ == 0 & ANTECEDENTS_PROC_3E013GC == 0.0 & ANTECEDENTS_PROC_3E0333Z == 0.0 & ANTECEDENTS_PROC_3E033NZ == 1.0 & ANTECEDENTS_PROC_8E0ZXY6 == 1.0 & SEXO == 1,4,4
ANTECEDENTS_PROC_3E0337Z == 0.0 & AGE_HIGHER_60 == 1.0 & AGE_40_60 == 0 & ANTECEDENTS_PROC_3E013NZ == 0 & ANTECEDENTS_PROC_3E013GC == 0.0 & ANTECEDENTS_PROC_8E0ZXY6 == 1.0 & ANTECEDENTS_PROC_3E033NZ == 0.0 & AGE_LOWER_40 == 0.0 & SEXO == 0 & ANTECEDENTS_DIA_SHORT_J80 == 0 & ANTECEDENTS_DIA_SHORT_I10 == 0.0 & ANTECEDENTS_PROC_3E0333Z == 0,1,1
ANTECEDENTS_PROC_3E0337Z == 0.0 & AGE_HIGHER_60 == 1.0 & AGE_40_60 == 0 & ANTECEDENTS_PROC_3E013NZ == 0 & ANTECEDENTS_PROC_3E013GC == 0.0 & ANTECEDENTS_PROC_8E0ZXY6 == 1.0 & ANTECEDENTS_PROC_3E033NZ == 0.0 & AGE_LOWER_40 == 0.0 & SEXO == 0 & ANTECEDENTS_DIA_SHORT_J80 == 0 & ANTECEDENTS_DIA_SHORT_I10 == 0.0 & ANTECEDENTS_PROC_3E0333Z == 1,1,1
ANTECEDENTS_PROC_3E0337Z == 0.0 & AGE_HIGHER_60 == 1.0 & AGE_40_60 == 0 & ANTECEDENTS_PROC_3E013NZ == 0 & ANTECEDENTS_PROC_3E013GC == 0.0 & ANTECEDENTS_PROC_8E0ZXY6 == 0.0 & ANTECEDENTS_PROC_3E033NZ == 0.0 & AGE_LOWER_40 == 0.0 & SEXO == 0 & ANTECEDENTS_PROC_BW03ZZZ == 0 & ANTECEDENTS_DIA_SHORT_I10 == 1,1,1
ANTECEDENTS_PROC_3E0337Z == 0.0 & AGE_HIGHER_60 == 1.0 & AGE_40_60 == 0 & ANTECEDENTS_PROC_3E013NZ == 0 & ANTECEDENTS_PROC_3E013GC == 1.0 & ANTECEDENTS_PROC_3E033NZ == 1.0 & SEXO == 0.0 & ANTECEDENTS_DIA_SHORT_I10 == 1 & ANTECEDENTS_PROC_5A1955Z == 0.0 & ANTECEDENTS_PROC_8E0ZXY6 == 1.0 & ANTECEDENTS_PROC_3E0333Z == 0.0 & ANTECEDENTS_PROC_BW03ZZZ == 1,1,1
ANTECEDENTS_PROC_3E0337Z == 0.0 & AGE_HIGHER_60 == 0.0 & AGE_40_60 == 1 & ANTECEDENTS_PROC_3E013NZ == 0 & ANTECEDENTS_PROC_3E013GC == 0.0 & ANTECEDENTS_PROC_3E0333Z == 0.0 & ANTECEDENTS_PROC_3E033NZ == 0,5,5
ANTECEDENTS_PROC_3E0337Z == 0.0 & AGE_HIGHER_60 == 0.0 & AGE_40_60 == 1 & ANTECEDENTS_PROC_3E013NZ == 0 & ANTECEDENTS_PROC_3E013GC == 0.0 & ANTECEDENTS_PROC_3E0333Z == 0.0 & ANTECEDENTS_PROC_3E033NZ == 1,8,8
ANTECEDENTS_PROC_3E0337Z == 0.0 & AGE_HIGHER_60 == 1.0 & AGE_40_60 == 0 & ANTECEDENTS_PROC_3E013NZ == 0 & ANTECEDENTS_PROC_3E013GC == 0.0 & ANTECEDENTS_PROC_8E0ZXY6 == 1.0 & ANTECEDENTS_PROC_3E033NZ == 1.0 & AGE_LOWER_40 == 0.0 & SEXO == 0 & ANTECEDENTS_DIA_SHORT_J80 == 0 & ANTECEDENTS_DIA_SHORT_I10 == 0.0 & ANTECEDENTS_PROC_3E0333Z == 0.0 & ANTECEDENTS_PROC_3E0F7GC == 0.0 & ANTECEDENTS_PROC_BW03ZZZ == 1.0 & ANTECEDENTS_PROC_3E033GC == 0,5,5
ANTECEDENTS_PROC_3E0337Z == 0.0 & AGE_HIGHER_60 == 1.0 & AGE_40_60 == 0 & ANTECEDENTS_PROC_3E013NZ == 0 & ANTECEDENTS_PROC_3E013GC == 0.0 & ANTECEDENTS_PROC_3E033NZ == 0.0 & SEXO == 1.0 & ANTECEDENTS_DIA_SHORT_I10 == 0 & ANTECEDENTS_PROC_5A1955Z == 0.0 & ANTECEDENTS_PROC_8E0ZXY6 == 1,2,2
ANTECEDENTS_PROC_3E0337Z == 0.0 & AGE_HIGHER_60 == 1.0 & AGE_40_60 == 0 & ANTECEDENTS_PROC_3E013GC == 0 & ANTECEDENTS_PROC_3E013NZ == 0.0 & ANTECEDENTS_PROC_3E0333Z == 1.0 & ANTECEDENTS_PROC_3E033NZ == 1.0 & ANTECEDENTS_PROC_BW03ZZZ == 1.0 & SEXO == 0.0 & ANTECEDENTS_DIA_SHORT_I10 == 0,1,1
ANTECEDENTS_PROC_3E0337Z == 0.0 & AGE_HIGHER_60 == 1.0 & AGE_40_60 == 0 & ANTECEDENTS_PROC_3E013GC == 0 & ANTECEDENTS_PROC_3E013NZ == 0.0 & ANTECEDENTS_PROC_3E0333Z == 1.0 & ANTECEDENTS_PROC_3E033NZ == 1.0 & ANTECEDENTS_PROC_BW03ZZZ == 1.0 & SEXO == 0.0 & ANTECEDENTS_DIA_SHORT_I10 == 1,1,1
ANTECEDENTS_PROC_3E0337Z == 1.0 & AGE_HIGHER_60 == 1.0 & AGE_40_60 == 0 & ANTECEDENTS_PROC_3E013NZ == 0 & ANTECEDENTS_PROC_3E013GC == 0.0 & ANTECEDENTS_PROC_8E0ZXY6 == 1.0 & ANTECEDENTS_PROC_3E033NZ == 1.0 & AGE_LOWER_40 == 0.0 & SEXO == 0 & ANTECEDENTS_DIA_SHORT_J80 == 0 & ANTECEDENTS_DIA_SHORT_I10 == 1.0 & ANTECEDENTS_PROC_3E0333Z == 1.0 & ANTECEDENTS_PROC_3E0F7GC == 0.0 & ANTECEDENTS_PROC_BW03ZZZ == 0,1,1
ANTECEDENTS_PROC_3E0337Z == 1.0 & AGE_HIGHER_60 == 1.0 & AGE_40_60 == 0 & ANTECEDENTS_PROC_3E013NZ == 0 & ANTECEDENTS_PROC_3E013GC == 0.0 & ANTECEDENTS_PROC_8E0ZXY6 == 1.0 & ANTECEDENTS_PROC_3E033NZ == 1.0 & AGE_LOWER_40 == 0.0 & SEXO == 0 & ANTECEDENTS_PROC_BW03ZZZ == 0 & ANTECEDENTS_DIA_SHORT_I10 == 1.0 & ANTECEDENTS_PROC_5A1955Z == 0.0 & ANTECEDENTS_PROC_3E0333Z == 1,1,1
ANTECEDENTS_PROC_3E0337Z == 0.0 & AGE_HIGHER_60 == 1.0 & AGE_40_60 == 0 & ANTECEDENTS_PROC_3E013NZ == 0 & ANTECEDENTS_PROC_3E013GC == 1.0 & ANTECEDENTS_PROC_3E033NZ == 1.0 & SEXO == 0.0 & ANTECEDENTS_DIA_SHORT_I10 == 1 & ANTECEDENTS_PROC_5A1955Z == 0,3,3
ANTECEDENTS_PROC_3E0337Z == 0.0 & AGE_HIGHER_60 == 1.0 & AGE_40_60 == 0 & ANTECEDENTS_PROC_3E013NZ == 0 & ANTECEDENTS_PROC_3E013GC == 1.0 & ANTECEDENTS_PROC_3E0333Z == 1.0 & ANTECEDENTS_PROC_3E033NZ == 0.0 & ANTECEDENTS_PROC_8E0ZXY6 == 1.0 & SEXO == 0.0 & ANTECEDENTS_PROC_BW03ZZZ == 0,1,1
ANTECEDENTS_PROC_3E0337Z == 0.0 & AGE_HIGHER_60 == 1.0 & AGE_40_60 == 0 & ANTECEDENTS_PROC_3E013NZ == 0 & ANTECEDENTS_PROC_3E013GC == 1.0 & ANTECEDENTS_PROC_3E033NZ == 0.0 & SEXO == 0.0 & ANTECEDENTS_DIA_SHORT_I10 == 0,2,2
ANTECEDENTS_PROC_3E0337Z == 0.0 & AGE_HIGHER_60 == 1.0 & AGE_40_60 == 0 & ANTECEDENTS_PROC_3E013NZ == 0 & ANTECEDENTS_PROC_3E013GC == 1.0 & ANTECEDENTS_PROC_3E033NZ == 0.0 & SEXO == 0.0 & ANTECEDENTS_DIA_SHORT_I10 == 1,8,8
ANTECEDENTS_PROC_3E0337Z == 1.0 & AGE_HIGHER_60 == 1.0 & AGE_40_60 == 0 & ANTECEDENTS_PROC_3E013NZ == 0 & ANTECEDENTS_PROC_3E013GC == 1.0 & ANTECEDENTS_PROC_8E0ZXY6 == 1.0 & ANTECEDENTS_PROC_3E033NZ == 1.0 & ANTECEDENTS_PROC_BW03ZZZ == 0.0 & SEXO == 1.0 & ANTECEDENTS_PROC_3E033GC == 1 & AGE_LOWER_40 == 0.0 & ANTECEDENTS_PROC_3E0333Z == 0,2,2
ANTECEDENTS_PROC_3E0337Z == 0.0 & AGE_HIGHER_60 == 1.0 & AGE_40_60 == 0 & ANTECEDENTS_PROC_3E013NZ == 0 & ANTECEDENTS_PROC_3E013GC == 1.0 & ANTECEDENTS_PROC_3E033NZ == 0.0 & SEXO == 0.0 & ANTECEDENTS_PROC_8E0ZXY6 == 1 & AGE_LOWER_40 == 0.0 & ANTECEDENTS_PROC_3E0F7GC == 0 & ANTECEDENTS_DIA_SHORT_G20 == 0.0 & ANTECEDENTS_PROC_3E0333Z == 0.0 & ANTECEDENTS_DIA_SHORT_I10 == 1.0 & ANTECEDENTS_PROC_BW03ZZZ == 0.0 & ANTECEDENTS_PROC_3E033GC == 0.0 & ANTECEDENTS_DIA_SHORT_J80 == 0.0 & ANTECEDENTS_PROC_5A1955Z == 0,2,2
ANTECEDENTS_PROC_3E0337Z == 0.0 & AGE_HIGHER_60 == 1.0 & AGE_40_60 == 0 & ANTECEDENTS_PROC_3E013NZ == 0 & ANTECEDENTS_PROC_3E013GC == 1.0 & ANTECEDENTS_PROC_3E033NZ == 0.0 & ANTECEDENTS_PROC_8E0ZXY6 == 1.0 & ANTECEDENTS_DIA_SHORT_I10 == 1.0 & SEXO == 0.0 & ANTECEDENTS_PROC_3E0333Z == 1 & ANTECEDENTS_PROC_BW03ZZZ == 0,1,1
ANTECEDENTS_PROC_3E0337Z == 0.0 & AGE_HIGHER_60 == 0.0 & AGE_40_60 == 1 & ANTECEDENTS_PROC_3E013NZ == 0 & ANTECEDENTS_PROC_3E013GC == 0,17,17
ANTECEDENTS_PROC_3E0337Z == 0.0 & AGE_HIGHER_60 == 0.0 & AGE_40_60 == 1 & ANTECEDENTS_PROC_3E013NZ == 0 & ANTECEDENTS_PROC_3E013GC == 1,14,14
ANTECEDENTS_PROC_3E0337Z == 0.0 & AGE_HIGHER_60 == 1.0 & AGE_40_60 == 0 & ANTECEDENTS_PROC_3E013NZ == 0 & ANTECEDENTS_PROC_3E013GC == 1.0 & ANTECEDENTS_PROC_3E033NZ == 1.0 & SEXO == 0.0 & ANTECEDENTS_PROC_8E0ZXY6 == 1 & AGE_LOWER_40 == 0.0 & ANTECEDENTS_PROC_3E0F7GC == 0 & ANTECEDENTS_DIA_SHORT_G20 == 0.0 & ANTECEDENTS_PROC_3E0333Z == 1.0 & ANTECEDENTS_DIA_SHORT_I10 == 1.0 & ANTECEDENTS_PROC_BW03ZZZ == 0,1,1
ANTECEDENTS_PROC_3E0337Z == 0.0 & AGE_HIGHER_60 == 1.0 & AGE_40_60 == 0 & ANTECEDENTS_PROC_3E013NZ == 0 & ANTECEDENTS_PROC_3E013GC == 1.0 & ANTECEDENTS_PROC_3E033NZ == 1.0 & SEXO == 0.0 & ANTECEDENTS_PROC_8E0ZXY6 == 1 & AGE_LOWER_40 == 0.0 & ANTECEDENTS_PROC_3E0F7GC == 0 & ANTECEDENTS_DIA_SHORT_G20 == 0.0 & ANTECEDENTS_PROC_3E0333Z == 1.0 & ANTECEDENTS_DIA_SHORT_I10 == 1.0 & ANTECEDENTS_PROC_BW03ZZZ == 1,1,1
ANTECEDENTS_PROC_3E0337Z == 1.0 & AGE_HIGHER_60 == 1.0 & AGE_40_60 == 0 & ANTECEDENTS_PROC_3E013NZ == 0 & ANTECEDENTS_PROC_3E013GC == 1.0 & ANTECEDENTS_PROC_3E033NZ == 0.0 & ANTECEDENTS_PROC_3E0333Z == 0,4,4
ANTECEDENTS_PROC_3E0337Z == 0.0 & AGE_HIGHER_60 == 1.0 & AGE_40_60 == 0 & ANTECEDENTS_PROC_3E013GC == 0 & ANTECEDENTS_PROC_3E013NZ == 0.0 & ANTECEDENTS_PROC_3E0333Z == 1.0 & ANTECEDENTS_PROC_3E033NZ == 1.0 & ANTECEDENTS_PROC_BW03ZZZ == 1.0 & SEXO == 0.0 & ANTECEDENTS_DIA_SHORT_I10 == 1 & ANTECEDENTS_PROC_5A1955Z == 0,1,1
ANTECEDENTS_PROC_3E0337Z == 1.0 & AGE_HIGHER_60 == 1.0 & AGE_40_60 == 0 & ANTECEDENTS_PROC_3E013NZ == 0 & ANTECEDENTS_PROC_3E013GC == 1.0 & ANTECEDENTS_PROC_3E033NZ == 1.0 & ANTECEDENTS_PROC_3E0333Z == 0.0 & SEXO == 1.0 & ANTECEDENTS_DIA_SHORT_F05 == 0 & ANTECEDENTS_PROC_8E0ZXY6 == 1.0 & ANTECEDENTS_DIA_SHORT_I10 == 0,3,3
ANTECEDENTS_PROC_3E0337Z == 0.0 & AGE_HIGHER_60 == 1.0 & AGE_40_60 == 0 & ANTECEDENTS_PROC_3E013NZ == 0 & ANTECEDENTS_PROC_3E013GC == 0.0 & ANTECEDENTS_PROC_8E0ZXY6 == 1.0 & ANTECEDENTS_PROC_3E033NZ == 1.0 & AGE_LOWER_40 == 0.0 & SEXO == 1 & ANTECEDENTS_DIA_SHORT_J80 == 0 & ANTECEDENTS_DIA_SHORT_I10 == 1.0 & ANTECEDENTS_PROC_3E0333Z == 0.0 & ANTECEDENTS_PROC_3E0F7GC == 0.0 & ANTECEDENTS_PROC_BW03ZZZ == 1,1,1
ANTECEDENTS_PROC_3E0337Z == 0.0 & AGE_HIGHER_60 == 1.0 & AGE_40_60 == 0 & ANTECEDENTS_PROC_3E013NZ == 0 & ANTECEDENTS_PROC_3E013GC == 1.0 & ANTECEDENTS_PROC_3E033NZ == 1.0 & ANTECEDENTS_PROC_3E0333Z == 0.0 & SEXO == 0.0 & ANTECEDENTS_DIA_SHORT_F05 == 0 & ANTECEDENTS_PROC_8E0ZXY6 == 1.0 & ANTECEDENTS_DIA_SHORT_I10 == 0,2,2
ANTECEDENTS_PROC_3E0337Z == 0.0 & AGE_HIGHER_60 == 1.0 & AGE_40_60 == 0 & ANTECEDENTS_PROC_3E013NZ == 0 & ANTECEDENTS_PROC_3E013GC == 1.0 & ANTECEDENTS_PROC_3E033NZ == 1.0 & ANTECEDENTS_PROC_3E0333Z == 0.0 & SEXO == 0.0 & ANTECEDENTS_DIA_SHORT_F05 == 0 & ANTECEDENTS_PROC_8E0ZXY6 == 1.0 & ANTECEDENTS_DIA_SHORT_I10 == 1,1,1
ANTECEDENTS_PROC_3E0337Z == 1.0 & AGE_HIGHER_60 == 1.0 & AGE_40_60 == 0 & ANTECEDENTS_PROC_3E013NZ == 0 & ANTECEDENTS_PROC_3E013GC == 1.0 & ANTECEDENTS_PROC_8E0ZXY6 == 1.0 & SEXO == 1.0 & ANTECEDENTS_PROC_3E033NZ == 0 & ANTECEDENTS_DIA_SHORT_R99 == 0.0 & ANTECEDENTS_DIA_SHORT_I10 == 0.0 & ANTECEDENTS_PROC_3E033GC == 1,1,1
ANTECEDENTS_PROC_3E0337Z == 0.0 & AGE_HIGHER_60 == 0.0 & AGE_40_60 == 1 & ANTECEDENTS_PROC_3E013NZ == 0 & ANTECEDENTS_PROC_3E013GC == 0.0 & ANTECEDENTS_PROC_8E0ZXY6 == 0,4,4
ANTECEDENTS_PROC_3E0337Z == 0.0 & AGE_HIGHER_60 == 0.0 & AGE_40_60 == 1 & ANTECEDENTS_PROC_3E013NZ == 0 & ANTECEDENTS_PROC_3E013GC == 0.0 & ANTECEDENTS_PROC_8E0ZXY6 == 1,13,13
ANTECEDENTS_PROC_3E0337Z == 1.0 & AGE_HIGHER_60 == 0.0 & AGE_40_60 == 1 & ANTECEDENTS_PROC_3E013NZ == 0 & ANTECEDENTS_PROC_3E013GC == 0.0 & ANTECEDENTS_PROC_3E0333Z == 0.0 & ANTECEDENTS_PROC_3E033NZ == 1.0 & ANTECEDENTS_PROC_8E0ZXY6 == 1.0 & SEXO == 0,1,1
ANTECEDENTS_PROC_3E0337Z == 0.0 & AGE_HIGHER_60 == 1.0 & AGE_40_60 == 0 & ANTECEDENTS_PROC_3E013NZ == 0 & ANTECEDENTS_PROC_3E013GC == 1.0 & ANTECEDENTS_PROC_8E0ZXY6 == 1.0 & ANTECEDENTS_PROC_3E033NZ == 1.0 & AGE_LOWER_40 == 0.0 & SEXO == 0 & ANTECEDENTS_PROC_BW03ZZZ == 1 & ANTECEDENTS_DIA_SHORT_I10 == 1,2,2
ANTECEDENTS_PROC_3E0337Z == 1.0 & AGE_HIGHER_60 == 1.0 & AGE_40_60 == 0 & ANTECEDENTS_PROC_3E013NZ == 0 & ANTECEDENTS_PROC_3E013GC == 1.0 & ANTECEDENTS_PROC_8E0ZXY6 == 1.0 & ANTECEDENTS_PROC_3E033NZ == 0.0 & AGE_LOWER_40 == 0.0 & SEXO == 0 & ANTECEDENTS_DIA_SHORT_J80 == 0 & ANTECEDENTS_DIA_SHORT_I10 == 0.0 & ANTECEDENTS_PROC_3E0333Z == 0,2,2
ANTECEDENTS_PROC_3E0337Z == 1.0 & AGE_HIGHER_60 == 1.0 & AGE_40_60 == 0 & ANTECEDENTS_PROC_3E013GC == 1 & ANTECEDENTS_PROC_3E013NZ == 0.0 & ANTECEDENTS_PROC_3E0333Z == 0.0 & ANTECEDENTS_PROC_3E033NZ == 1.0 & ANTECEDENTS_PROC_BW03ZZZ == 0,3,3
ANTECEDENTS_PROC_3E0337Z == 0.0 & AGE_HIGHER_60 == 1.0 & AGE_40_60 == 0 & ANTECEDENTS_PROC_3E013NZ == 0 & ANTECEDENTS_PROC_3E013GC == 1.0 & ANTECEDENTS_PROC_3E033NZ == 1.0 & SEXO == 0.0 & ANTECEDENTS_PROC_8E0ZXY6 == 1 & AGE_LOWER_40 == 0.0 & ANTECEDENTS_PROC_3E0F7GC == 0 & ANTECEDENTS_DIA_SHORT_G20 == 1,1,1
ANTECEDENTS_PROC_3E0337Z == 0.0 & AGE_HIGHER_60 == 1.0 & AGE_40_60 == 0 & ANTECEDENTS_PROC_3E013NZ == 0 & ANTECEDENTS_PROC_3E013GC == 0.0 & ANTECEDENTS_PROC_3E033NZ == 1.0 & ANTECEDENTS_PROC_3E0333Z == 0.0 & SEXO == 1.0 & ANTECEDENTS_DIA_SHORT_F05 == 0 & ANTECEDENTS_PROC_8E0ZXY6 == 1.0 & ANTECEDENTS_DIA_SHORT_I10 == 0,3,3
ANTECEDENTS_PROC_3E0337Z == 0.0 & AGE_HIGHER_60 == 1.0 & AGE_40_60 == 0 & ANTECEDENTS_PROC_3E013NZ == 0 & ANTECEDENTS_PROC_3E013GC == 0.0 & ANTECEDENTS_PROC_3E033NZ == 1.0 & ANTECEDENTS_PROC_3E0333Z == 0.0 & SEXO == 1.0 & ANTECEDENTS_DIA_SHORT_F05 == 0 & ANTECEDENTS_PROC_8E0ZXY6 == 1.0 & ANTECEDENTS_DIA_SHORT_I10 == 1,1,1
ANTECEDENTS_PROC_3E0337Z == 0.0 & AGE_HIGHER_60 == 0.0 & AGE_40_60 == 1 & ANTECEDENTS_PROC_3E013NZ == 0 & ANTECEDENTS_PROC_3E013GC == 0.0 & ANTECEDENTS_PROC_3E033NZ == 0.0 & ANTECEDENTS_PROC_8E0ZXY6 == 0,3,3
ANTECEDENTS_PROC_3E0337Z == 0.0 & AGE_HIGHER_60 == 0.0 & AGE_40_60 == 1 & ANTECEDENTS_PROC_3E013NZ == 0 & ANTECEDENTS_PROC_3E013GC == 0.0 & ANTECEDENTS_PROC_3E033NZ == 0.0 & ANTECEDENTS_PROC_8E0ZXY6 == 1,5,5
ANTECEDENTS_PROC_3E0337Z == 0.0 & AGE_HIGHER_60 == 1.0 & AGE_40_60 == 0 & ANTECEDENTS_PROC_3E013NZ == 0 & ANTECEDENTS_PROC_3E013GC == 0.0 & ANTECEDENTS_PROC_3E033NZ == 0.0 & SEXO == 0.0 & ANTECEDENTS_PROC_8E0ZXY6 == 1 & AGE_LOWER_40 == 0.0 & ANTECEDENTS_PROC_3E0F7GC == 0 & ANTECEDENTS_DIA_SHORT_G20 == 0.0 & ANTECEDENTS_PROC_3E0333Z == 1.0 & ANTECEDENTS_DIA_SHORT_I10 == 0,1,1
ANTECEDENTS_PROC_3E0337Z == 0.0 & AGE_HIGHER_60 == 1.0 & AGE_40_60 == 0 & ANTECEDENTS_PROC_3E013NZ == 0 & ANTECEDENTS_PROC_3E013GC == 0.0 & ANTECEDENTS_PROC_3E033NZ == 1.0 & ANTECEDENTS_PROC_8E0ZXY6 == 1.0 & ANTECEDENTS_DIA_SHORT_I10 == 0.0 & SEXO == 0.0 & ANTECEDENTS_PROC_3E0333Z == 1 & ANTECEDENTS_PROC_BW03ZZZ == 1,1,1
ANTECEDENTS_PROC_3E0337Z == 0.0 & AGE_HIGHER_60 == 0.0 & AGE_40_60 == 1 & ANTECEDENTS_PROC_3E013NZ == 0 & ANTECEDENTS_PROC_3E013GC == 0.0 & ANTECEDENTS_PROC_3E033NZ == 0,8,8
ANTECEDENTS_PROC_3E0337Z == 0.0 & AGE_HIGHER_60 == 0.0 & AGE_40_60 == 1 & ANTECEDENTS_PROC_3E013NZ == 0 & ANTECEDENTS_PROC_3E013GC == 0.0 & ANTECEDENTS_PROC_3E033NZ == 1,9,9
ANTECEDENTS_PROC_3E0337Z == 0.0 & AGE_HIGHER_60 == 1.0 & AGE_40_60 == 0 & ANTECEDENTS_PROC_3E013NZ == 0 & ANTECEDENTS_PROC_3E013GC == 1.0 & ANTECEDENTS_PROC_3E033NZ == 0.0 & ANTECEDENTS_PROC_8E0ZXY6 == 1.0 & ANTECEDENTS_DIA_SHORT_I10 == 0,5,5
ANTECEDENTS_PROC_3E0337Z == 0.0 & AGE_HIGHER_60 == 1.0 & AGE_40_60 == 0 & ANTECEDENTS_PROC_3E013NZ == 0 & ANTECEDENTS_PROC_3E013GC == 1.0 & ANTECEDENTS_PROC_3E033NZ == 0.0 & ANTECEDENTS_PROC_8E0ZXY6 == 1.0 & ANTECEDENTS_DIA_SHORT_I10 == 1,12,12
ANTECEDENTS_PROC_3E0337Z == 1.0 & AGE_HIGHER_60 == 1.0 & AGE_40_60 == 0 & ANTECEDENTS_PROC_3E013NZ == 0 & ANTECEDENTS_PROC_3E013GC == 1.0 & ANTECEDENTS_PROC_8E0ZXY6 == 1.0 & ANTECEDENTS_PROC_3E033NZ == 0.0 & ANTECEDENTS_PROC_BW03ZZZ == 0.0 & SEXO == 0.0 & ANTECEDENTS_PROC_3E033GC == 1,1,1
ANTECEDENTS_PROC_3E0337Z == 1.0 & AGE_HIGHER_60 == 0.0 & AGE_40_60 == 1 & ANTECEDENTS_PROC_3E013NZ == 0 & ANTECEDENTS_PROC_3E013GC == 0.0 & ANTECEDENTS_PROC_3E033NZ == 1.0 & ANTECEDENTS_PROC_8E0ZXY6 == 1.0 & ANTECEDENTS_DIA_SHORT_I10 == 0.0 & SEXO == 0,1,1
ANTECEDENTS_PROC_3E0337Z == 0.0 & AGE_HIGHER_60 == 1.0 & AGE_40_60 == 0 & ANTECEDENTS_PROC_3E013NZ == 0 & ANTECEDENTS_PROC_3E013GC == 1.0 & ANTECEDENTS_PROC_8E0ZXY6 == 1.0 & ANTECEDENTS_PROC_3E033NZ == 0.0 & ANTECEDENTS_PROC_BW03ZZZ == 0.0 & SEXO == 0.0 & ANTECEDENTS_PROC_3E033GC == 0 & AGE_LOWER_40 == 0.0 & ANTECEDENTS_PROC_3E0333Z == 0,3,3
ANTECEDENTS_PROC_3E0337Z == 0.0 & AGE_HIGHER_60 == 1.0 & AGE_40_60 == 0 & ANTECEDENTS_PROC_3E013GC == 1 & ANTECEDENTS_PROC_3E013NZ == 0,28,30
ANTECEDENTS_PROC_3E0337Z == 0.0 & AGE_HIGHER_60 == 1.0 & AGE_40_60 == 0 & ANTECEDENTS_PROC_3E013NZ == 0 & ANTECEDENTS_PROC_3E013GC == 0.0 & ANTECEDENTS_PROC_3E033NZ == 0.0 & ANTECEDENTS_PROC_3E0333Z == 0.0 & SEXO == 1.0 & ANTECEDENTS_DIA_SHORT_F05 == 0 & ANTECEDENTS_PROC_8E0ZXY6 == 1,2,2
ANTECEDENTS_PROC_3E0337Z == 0.0 & AGE_HIGHER_60 == 0.0 & AGE_40_60 == 1 & ANTECEDENTS_PROC_3E013NZ == 0 & ANTECEDENTS_PROC_3E013GC == 0.0 & ANTECEDENTS_PROC_3E033NZ == 0.0 & SEXO == 0,7,7
ANTECEDENTS_PROC_3E0337Z == 0.0 & AGE_HIGHER_60 == 0.0 & AGE_40_60 == 1 & ANTECEDENTS_PROC_3E013NZ == 0 & ANTECEDENTS_PROC_3E013GC == 0.0 & ANTECEDENTS_PROC_3E033NZ == 0.0 & SEXO == 1,1,1
ANTECEDENTS_PROC_3E0337Z == 0.0 & AGE_HIGHER_60 == 0.0 & AGE_40_60 == 1 & ANTECEDENTS_PROC_3E013NZ == 0 & ANTECEDENTS_PROC_3E013GC == 1.0 & ANTECEDENTS_PROC_3E033NZ == 1.0 & SEXO == 1.0 & ANTECEDENTS_DIA_SHORT_I10 == 0,2,2
ANTECEDENTS_PROC_3E0337Z == 0.0 & AGE_HIGHER_60 == 1.0 & AGE_40_60 == 0 & ANTECEDENTS_PROC_3E013NZ == 0 & ANTECEDENTS_PROC_3E013GC == 0.0 & ANTECEDENTS_PROC_8E0ZXY6 == 1.0 & ANTECEDENTS_PROC_3E033NZ == 1.0 & AGE_LOWER_40 == 0.0 & SEXO == 1 & ANTECEDENTS_DIA_SHORT_J80 == 0 & ANTECEDENTS_DIA_SHORT_I10 == 0.0 & ANTECEDENTS_PROC_3E0333Z == 0.0 & ANTECEDENTS_PROC_3E0F7GC == 0,3,3
ANTECEDENTS_PROC_3E0337Z == 0.0 & AGE_HIGHER_60 == 1.0 & AGE_40_60 == 0 & ANTECEDENTS_PROC_3E013NZ == 0 & ANTECEDENTS_PROC_3E013GC == 0.0 & ANTECEDENTS_PROC_3E033NZ == 0.0 & ANTECEDENTS_PROC_3E0333Z == 0.0 & SEXO == 0.0 & ANTECEDENTS_DIA_SHORT_F05 == 0 & ANTECEDENTS_PROC_8E0ZXY6 == 1,1,1
ANTECEDENTS_PROC_3E0337Z == 0.0 & AGE_HIGHER_60 == 1.0 & AGE_40_60 == 0 & ANTECEDENTS_PROC_3E013NZ == 0 & ANTECEDENTS_PROC_3E013GC == 0.0 & ANTECEDENTS_PROC_3E0333Z == 0.0 & ANTECEDENTS_PROC_3E033NZ == 0.0 & ANTECEDENTS_PROC_8E0ZXY6 == 1,3,3
ANTECEDENTS_PROC_3E0337Z == 0.0 & AGE_HIGHER_60 == 1.0 & AGE_40_60 == 0 & ANTECEDENTS_PROC_3E013NZ == 0 & ANTECEDENTS_PROC_3E013GC == 0.0 & ANTECEDENTS_PROC_3E033NZ == 1.0 & ANTECEDENTS_PROC_3E0333Z == 0.0 & SEXO == 1.0 & ANTECEDENTS_DIA_SHORT_F05 == 0,4,4
ANTECEDENTS_PROC_3E0337Z == 1.0 & AGE_HIGHER_60 == 1.0 & AGE_40_60 == 0 & ANTECEDENTS_PROC_3E013NZ == 0 & ANTECEDENTS_PROC_3E013GC == 1.0 & ANTECEDENTS_PROC_3E033NZ == 0.0 & ANTECEDENTS_PROC_3E0333Z == 0.0 & SEXO == 0,3,3
ANTECEDENTS_PROC_3E0337Z == 1.0 & AGE_HIGHER_60 == 1.0 & AGE_40_60 == 0 & ANTECEDENTS_PROC_3E013NZ == 0 & ANTECEDENTS_PROC_3E013GC == 1.0 & ANTECEDENTS_PROC_3E033NZ == 0.0 & ANTECEDENTS_PROC_3E0333Z == 0.0 & SEXO == 1,1,1
ANTECEDENTS_PROC_3E0337Z == 1.0 & AGE_HIGHER_60 == 1.0 & AGE_40_60 == 0 & ANTECEDENTS_PROC_3E013NZ == 0 & ANTECEDENTS_PROC_3E013GC == 1.0 & ANTECEDENTS_PROC_8E0ZXY6 == 1.0 & ANTECEDENTS_PROC_3E033NZ == 1.0 & ANTECEDENTS_PROC_BW03ZZZ == 0.0 & SEXO == 1,3,3
ANTECEDENTS_PROC_3E0337Z == 1.0 & AGE_HIGHER_60 == 1.0 & AGE_40_60 == 0 & ANTECEDENTS_PROC_3E013NZ == 0 & ANTECEDENTS_PROC_3E013GC == 1.0 & ANTECEDENTS_PROC_8E0ZXY6 == 1.0 & ANTECEDENTS_PROC_3E033NZ == 0.0 & AGE_LOWER_40 == 0.0 & SEXO == 0 & ANTECEDENTS_PROC_BW03ZZZ == 0 & ANTECEDENTS_DIA_SHORT_I10 == 0.0 & ANTECEDENTS_PROC_5A1955Z == 0,1,1
ANTECEDENTS_PROC_3E0337Z == 1.0 & AGE_HIGHER_60 == 1.0 & AGE_40_60 == 0 & ANTECEDENTS_PROC_3E013NZ == 0 & ANTECEDENTS_PROC_3E013GC == 1.0 & ANTECEDENTS_PROC_3E0333Z == 0.0 & ANTECEDENTS_PROC_3E033NZ == 0.0 & ANTECEDENTS_PROC_8E0ZXY6 == 1.0 & SEXO == 1.0 & ANTECEDENTS_PROC_BW03ZZZ == 1,1,1
ANTECEDENTS_PROC_3E0337Z == 0.0 & AGE_HIGHER_60 == 1.0 & AGE_40_60 == 0 & ANTECEDENTS_PROC_3E013NZ == 0 & ANTECEDENTS_PROC_3E013GC == 0.0 & ANTECEDENTS_PROC_3E0333Z == 0.0 & ANTECEDENTS_PROC_3E033NZ == 0.0 & ANTECEDENTS_PROC_8E0ZXY6 == 1.0 & SEXO == 0,1,1
ANTECEDENTS_PROC_3E0337Z == 0.0 & AGE_HIGHER_60 == 1.0 & AGE_40_60 == 0 & ANTECEDENTS_PROC_3E013NZ == 0 & ANTECEDENTS_PROC_3E013GC == 0.0 & ANTECEDENTS_PROC_3E0333Z == 0.0 & ANTECEDENTS_PROC_3E033NZ == 0.0 & ANTECEDENTS_PROC_8E0ZXY6 == 1.0 & SEXO == 1,2,2
ANTECEDENTS_PROC_3E0337Z == 0.0 & AGE_HIGHER_60 == 1.0 & AGE_40_60 == 0 & ANTECEDENTS_PROC_3E013NZ == 0 & ANTECEDENTS_PROC_3E013GC == 0.0 & ANTECEDENTS_PROC_3E033NZ == 0.0 & ANTECEDENTS_PROC_8E0ZXY6 == 1.0 & ANTECEDENTS_DIA_SHORT_I10 == 1.0 & SEXO == 1.0 & ANTECEDENTS_PROC_3E0333Z == 0,1,1
ANTECEDENTS_PROC_3E0337Z == 0.0 & AGE_HIGHER_60 == 1.0 & AGE_40_60 == 0 & ANTECEDENTS_PROC_3E013NZ == 0 & ANTECEDENTS_PROC_3E013GC == 0.0 & ANTECEDENTS_PROC_3E033NZ == 0.0 & ANTECEDENTS_PROC_8E0ZXY6 == 1.0 & ANTECEDENTS_DIA_SHORT_I10 == 1.0 & SEXO == 1.0 & ANTECEDENTS_PROC_3E0333Z == 1,1,1
ANTECEDENTS_PROC_3E0337Z == 0.0 & AGE_HIGHER_60 == 1.0 & AGE_40_60 == 0 & ANTECEDENTS_PROC_3E013GC == 1 & ANTECEDENTS_PROC_3E013NZ == 0.0 & ANTECEDENTS_PROC_3E0333Z == 0.0 & ANTECEDENTS_PROC_3E033NZ == 0.0 & ANTECEDENTS_PROC_BW03ZZZ == 0.0 & SEXO == 0.0 & ANTECEDENTS_DIA_SHORT_I10 == 1 & ANTECEDENTS_PROC_5A1955Z == 0,2,2
ANTECEDENTS_PROC_3E0337Z == 0.0 & AGE_HIGHER_60 == 0,43,43
ANTECEDENTS_PROC_3E0337Z == 1.0 & AGE_HIGHER_60 == 0.0 & AGE_40_60 == 1 & ANTECEDENTS_PROC_3E013NZ == 0 & ANTECEDENTS_PROC_3E013GC == 0.0 & ANTECEDENTS_PROC_3E033NZ == 1.0 & SEXO == 0,1,1
ANTECEDENTS_PROC_3E0337Z == 0.0 & AGE_HIGHER_60 == 1.0 & AGE_40_60 == 0 & ANTECEDENTS_PROC_3E013NZ == 0 & ANTECEDENTS_PROC_3E013GC == 1.0 & ANTECEDENTS_PROC_8E0ZXY6 == 1.0 & ANTECEDENTS_PROC_3E033NZ == 1.0 & AGE_LOWER_40 == 0.0 & SEXO == 0 & ANTECEDENTS_PROC_BW03ZZZ == 1 & ANTECEDENTS_DIA_SHORT_I10 == 1.0 & ANTECEDENTS_PROC_5A1955Z == 0.0 & ANTECEDENTS_PROC_3E0333Z == 0,1,1
ANTECEDENTS_PROC_3E0337Z == 0.0 & AGE_HIGHER_60 == 1.0 & AGE_40_60 == 0 & ANTECEDENTS_PROC_3E013NZ == 0 & ANTECEDENTS_PROC_3E013GC == 1.0 & ANTECEDENTS_PROC_8E0ZXY6 == 1.0 & ANTECEDENTS_PROC_3E033NZ == 1.0 & AGE_LOWER_40 == 0.0 & SEXO == 0 & ANTECEDENTS_PROC_BW03ZZZ == 1 & ANTECEDENTS_DIA_SHORT_I10 == 1.0 & ANTECEDENTS_PROC_5A1955Z == 0.0 & ANTECEDENTS_PROC_3E0333Z == 1,1,1
ANTECEDENTS_PROC_3E0337Z == 0.0 & AGE_HIGHER_60 == 1.0 & AGE_40_60 == 0 & ANTECEDENTS_PROC_3E013NZ == 0 & ANTECEDENTS_PROC_3E013GC == 1.0 & ANTECEDENTS_PROC_8E0ZXY6 == 1.0 & SEXO == 0.0 & ANTECEDENTS_PROC_3E033NZ == 1 & ANTECEDENTS_DIA_SHORT_R99 == 0.0 & ANTECEDENTS_DIA_SHORT_I10 == 1,3,3
ANTECEDENTS_PROC_3E0337Z == 0.0 & AGE_HIGHER_60 == 1.0 & AGE_40_60 == 0 & ANTECEDENTS_PROC_3E013NZ == 0 & ANTECEDENTS_PROC_3E013GC == 1.0 & ANTECEDENTS_PROC_3E033NZ == 0.0 & SEXO == 0.0 & ANTECEDENTS_PROC_8E0ZXY6 == 1 & AGE_LOWER_40 == 0.0 & ANTECEDENTS_PROC_3E0F7GC == 1 & ANTECEDENTS_DIA_SHORT_G20 == 0.0 & ANTECEDENTS_PROC_3E0333Z == 0,1,1
ANTECEDENTS_PROC_3E0337Z == 0.0 & AGE_HIGHER_60 == 1.0 & AGE_40_60 == 0 & ANTECEDENTS_PROC_3E013NZ == 0 & ANTECEDENTS_PROC_3E013GC == 0.0 & ANTECEDENTS_PROC_3E033NZ == 0.0 & SEXO == 1.0 & ANTECEDENTS_DIA_SHORT_I10 == 1 & ANTECEDENTS_PROC_5A1955Z == 0.0 & ANTECEDENTS_PROC_8E0ZXY6 == 1.0 & ANTECEDENTS_PROC_3E0333Z == 0,1,1
ANTECEDENTS_PROC_3E0337Z == 0.0 & AGE_HIGHER_60 == 1.0 & AGE_40_60 == 0 & ANTECEDENTS_PROC_3E013NZ == 0 & ANTECEDENTS_PROC_3E013GC == 0.0 & ANTECEDENTS_PROC_3E033NZ == 0.0 & SEXO == 1.0 & ANTECEDENTS_DIA_SHORT_I10 == 1 & ANTECEDENTS_PROC_5A1955Z == 0.0 & ANTECEDENTS_PROC_8E0ZXY6 == 1.0 & ANTECEDENTS_PROC_3E0333Z == 1,1,1
ANTECEDENTS_PROC_3E0337Z == 0.0 & AGE_HIGHER_60 == 1.0 & AGE_40_60 == 0 & ANTECEDENTS_PROC_3E013NZ == 0 & ANTECEDENTS_PROC_3E013GC == 0.0 & ANTECEDENTS_PROC_8E0ZXY6 == 1.0 & ANTECEDENTS_PROC_3E033NZ == 1.0 & AGE_LOWER_40 == 0.0 & SEXO == 0 & ANTECEDENTS_DIA_SHORT_J80 == 0,9,10
ANTECEDENTS_PROC_3E0337Z == 1.0 & AGE_HIGHER_60 == 1.0 & AGE_40_60 == 0 & ANTECEDENTS_PROC_3E013GC == 1 & ANTECEDENTS_PROC_3E013NZ == 0.0 & ANTECEDENTS_PROC_3E0333Z == 1.0 & ANTECEDENTS_PROC_3E033NZ == 1.0 & ANTECEDENTS_PROC_BW03ZZZ == 0.0 & SEXO == 1,1,1
ANTECEDENTS_PROC_3E0337Z == 1.0 & AGE_HIGHER_60 == 1.0 & AGE_40_60 == 0 & ANTECEDENTS_PROC_3E013NZ == 0 & ANTECEDENTS_PROC_3E013GC == 1.0 & ANTECEDENTS_PROC_8E0ZXY6 == 1.0 & ANTECEDENTS_PROC_3E033NZ == 1.0 & AGE_LOWER_40 == 0.0 & SEXO == 1 & ANTECEDENTS_PROC_BW03ZZZ == 0 & ANTECEDENTS_DIA_SHORT_I10 == 1.0 & ANTECEDENTS_PROC_5A1955Z == 0.0 & ANTECEDENTS_PROC_3E0333Z == 1,1,1
ANTECEDENTS_PROC_3E0337Z == 1.0 & AGE_HIGHER_60 == 0.0 & AGE_40_60 == 1 & ANTECEDENTS_PROC_3E013NZ == 0 & ANTECEDENTS_PROC_3E013GC == 0.0 & ANTECEDENTS_PROC_3E033NZ == 1.0 & ANTECEDENTS_PROC_3E0333Z == 0.0 & SEXO == 0,1,1
ANTECEDENTS_PROC_3E0337Z == 0.0 & AGE_HIGHER_60 == 1.0 & AGE_40_60 == 0 & ANTECEDENTS_PROC_3E013NZ == 0 & ANTECEDENTS_PROC_3E013GC == 0.0 & ANTECEDENTS_PROC_8E0ZXY6 == 1.0 & ANTECEDENTS_PROC_3E033NZ == 0.0 & AGE_LOWER_40 == 0.0 & SEXO == 1 & ANTECEDENTS_DIA_SHORT_J80 == 0 & ANTECEDENTS_DIA_SHORT_I10 == 1.0 & ANTECEDENTS_PROC_3E0333Z == 0,1,1
ANTECEDENTS_PROC_3E0337Z == 0.0 & AGE_HIGHER_60 == 1.0 & AGE_40_60 == 0 & ANTECEDENTS_PROC_3E013NZ == 0 & ANTECEDENTS_PROC_3E013GC == 0.0 & ANTECEDENTS_PROC_8E0ZXY6 == 1.0 & ANTECEDENTS_PROC_3E033NZ == 0.0 & AGE_LOWER_40 == 0.0 & SEXO == 1 & ANTECEDENTS_DIA_SHORT_J80 == 0 & ANTECEDENTS_DIA_SHORT_I10 == 1.0 & ANTECEDENTS_PROC_3E0333Z == 1,1,1
ANTECEDENTS_PROC_3E0337Z == 0.0 & AGE_HIGHER_60 == 1.0 & AGE_40_60 == 0 & ANTECEDENTS_PROC_3E013NZ == 0 & ANTECEDENTS_PROC_3E013GC == 1.0 & ANTECEDENTS_PROC_3E033NZ == 1.0 & ANTECEDENTS_PROC_3E0333Z == 1.0 & SEXO == 0.0 & ANTECEDENTS_DIA_SHORT_F05 == 0 & ANTECEDENTS_PROC_8E0ZXY6 == 1.0 & ANTECEDENTS_DIA_SHORT_I10 == 1,2,2
ANTECEDENTS_PROC_3E0337Z == 0.0 & AGE_HIGHER_60 == 1.0 & AGE_40_60 == 0 & ANTECEDENTS_PROC_3E013NZ == 0 & ANTECEDENTS_PROC_3E013GC == 0.0 & ANTECEDENTS_PROC_3E033NZ == 1.0 & ANTECEDENTS_PROC_8E0ZXY6 == 1.0 & ANTECEDENTS_DIA_SHORT_I10 == 1.0 & SEXO == 1.0 & ANTECEDENTS_PROC_3E0333Z == 0 & ANTECEDENTS_PROC_BW03ZZZ == 1,1,1
ANTECEDENTS_PROC_3E0337Z == 0.0 & AGE_HIGHER_60 == 1.0 & AGE_40_60 == 0 & ANTECEDENTS_PROC_3E013NZ == 0 & ANTECEDENTS_PROC_3E013GC == 0.0 & ANTECEDENTS_PROC_3E033NZ == 1.0 & SEXO == 1.0 & ANTECEDENTS_DIA_SHORT_I10 == 1 & ANTECEDENTS_PROC_5A1955Z == 0.0 & ANTECEDENTS_PROC_8E0ZXY6 == 1.0 & ANTECEDENTS_PROC_3E0333Z == 0.0 & ANTECEDENTS_PROC_BW03ZZZ == 1,1,1
ANTECEDENTS_PROC_3E0337Z == 0.0 & AGE_HIGHER_60 == 0.0 & AGE_40_60 == 1 & ANTECEDENTS_PROC_3E013NZ == 0 & ANTECEDENTS_PROC_3E013GC == 0.0 & ANTECEDENTS_PROC_3E033NZ == 0.0 & ANTECEDENTS_PROC_3E0333Z == 0.0 & SEXO == 0.0 & ANTECEDENTS_DIA_SHORT_F05 == 0 & ANTECEDENTS_PROC_8E0ZXY6 == 0,2,2
ANTECEDENTS_PROC_3E0337Z == 0.0 & AGE_HIGHER_60 == 0.0 & AGE_40_60 == 1 & ANTECEDENTS_PROC_3E013NZ == 0 & ANTECEDENTS_PROC_3E013GC == 0.0 & ANTECEDENTS_PROC_3E033NZ == 0.0 & ANTECEDENTS_PROC_3E0333Z == 0.0 & SEXO == 0.0 & ANTECEDENTS_DIA_SHORT_F05 == 0 & ANTECEDENTS_PROC_8E0ZXY6 == 1,2,2
ANTECEDENTS_PROC_3E0337Z == 0.0 & AGE_HIGHER_60 == 1.0 & AGE_40_60 == 0 & ANTECEDENTS_PROC_3E013NZ == 0 & ANTECEDENTS_PROC_3E013GC == 1.0 & ANTECEDENTS_PROC_3E0333Z == 0.0 & ANTECEDENTS_PROC_3E033NZ == 0,18,18
ANTECEDENTS_PROC_3E0337Z == 1.0 & AGE_HIGHER_60 == 1.0 & AGE_40_60 == 0 & ANTECEDENTS_PROC_3E013NZ == 0 & ANTECEDENTS_PROC_3E013GC == 0.0 & ANTECEDENTS_PROC_8E0ZXY6 == 1.0 & ANTECEDENTS_PROC_3E033NZ == 1.0 & ANTECEDENTS_PROC_BW03ZZZ == 0.0 & SEXO == 0.0 & ANTECEDENTS_PROC_3E033GC == 1 & AGE_LOWER_40 == 0.0 & ANTECEDENTS_PROC_3E0333Z == 1,1,1
ANTECEDENTS_PROC_3E0337Z == 0.0 & AGE_HIGHER_60 == 0.0 & AGE_40_60 == 1 & ANTECEDENTS_PROC_3E013GC == 0 & ANTECEDENTS_PROC_3E013NZ == 0.0 & ANTECEDENTS_PROC_3E0333Z == 0.0 & ANTECEDENTS_PROC_3E033NZ == 0.0 & ANTECEDENTS_PROC_BW03ZZZ == 0.0 & SEXO == 0.0 & ANTECEDENTS_DIA_SHORT_I10 == 0 & ANTECEDENTS_PROC_5A1955Z == 0.0 & ANTECEDENTS_PROC_3E033GC == 0.0 & ANTECEDENTS_DIA_SHORT_F09 == 0.0 & EMERGENCY_DIA_SHORT_J96 == 0,2,2
ANTECEDENTS_PROC_3E0337Z == 1.0 & AGE_HIGHER_60 == 1.0 & AGE_40_60 == 0 & ANTECEDENTS_PROC_3E013NZ == 0 & ANTECEDENTS_PROC_3E013GC == 1.0 & ANTECEDENTS_PROC_3E033NZ == 1.0 & SEXO == 1.0 & ANTECEDENTS_DIA_SHORT_I10 == 0 & ANTECEDENTS_PROC_5A1955Z == 0.0 & ANTECEDENTS_PROC_8E0ZXY6 == 1.0 & ANTECEDENTS_PROC_3E0333Z == 0,3,3
ANTECEDENTS_PROC_3E0337Z == 0.0 & AGE_HIGHER_60 == 0.0 & AGE_40_60 == 1 & ANTECEDENTS_PROC_3E013NZ == 0 & ANTECEDENTS_PROC_3E013GC == 1.0 & ANTECEDENTS_PROC_3E033NZ == 1.0 & SEXO == 0,6,6
ANTECEDENTS_PROC_3E0337Z == 0.0 & AGE_HIGHER_60 == 0.0 & AGE_40_60 == 1 & ANTECEDENTS_PROC_3E013NZ == 0 & ANTECEDENTS_PROC_3E013GC == 1.0 & ANTECEDENTS_PROC_3E033NZ == 1.0 & SEXO == 1,2,2
ANTECEDENTS_PROC_3E0337Z == 0.0 & AGE_HIGHER_60 == 1.0 & AGE_40_60 == 0 & ANTECEDENTS_PROC_3E013NZ == 0 & ANTECEDENTS_PROC_3E013GC == 1.0 & ANTECEDENTS_PROC_8E0ZXY6 == 0.0 & SEXO == 1.0 & ANTECEDENTS_PROC_3E033NZ == 0,3,3
ANTECEDENTS_PROC_3E0337Z == 0.0 & AGE_HIGHER_60 == 1.0 & AGE_40_60 == 0 & ANTECEDENTS_PROC_3E013NZ == 0 & ANTECEDENTS_PROC_3E013GC == 1.0 & ANTECEDENTS_PROC_8E0ZXY6 == 1.0 & ANTECEDENTS_PROC_3E033NZ == 0.0 & AGE_LOWER_40 == 0.0 & SEXO == 0 & ANTECEDENTS_DIA_SHORT_J80 == 0 & ANTECEDENTS_DIA_SHORT_I10 == 1.0 & ANTECEDENTS_PROC_3E0333Z == 0.0 & ANTECEDENTS_PROC_3E0F7GC == 0.0 & ANTECEDENTS_PROC_BW03ZZZ == 0.0 & ANTECEDENTS_PROC_3E033GC == 0.0 & ANTECEDENTS_PROC_0BH17EZ == 0,2,2
ANTECEDENTS_PROC_3E0337Z == 0.0 & AGE_HIGHER_60 == 1.0 & AGE_40_60 == 0 & ANTECEDENTS_PROC_3E013NZ == 0 & ANTECEDENTS_PROC_3E013GC == 0.0 & ANTECEDENTS_PROC_3E033NZ == 0.0 & SEXO == 0.0 & ANTECEDENTS_PROC_8E0ZXY6 == 1 & AGE_LOWER_40 == 0.0 & ANTECEDENTS_PROC_3E0F7GC == 0 & ANTECEDENTS_DIA_SHORT_G20 == 0.0 & ANTECEDENTS_PROC_3E0333Z == 0.0 & ANTECEDENTS_DIA_SHORT_I10 == 0.0 & ANTECEDENTS_PROC_BW03ZZZ == 1.0 & ANTECEDENTS_PROC_3E033GC == 0,1,1
ANTECEDENTS_PROC_3E0337Z == 1.0 & AGE_HIGHER_60 == 0.0 & AGE_40_60 == 1 & ANTECEDENTS_PROC_3E013GC == 0,1,1
ANTECEDENTS_PROC_3E0337Z == 1.0 & AGE_HIGHER_60 == 0.0 & AGE_40_60 == 1 & ANTECEDENTS_PROC_3E013GC == 1,9,9
ANTECEDENTS_PROC_3E0337Z == 0.0 & AGE_HIGHER_60 == 1.0 & AGE_40_60 == 0 & ANTECEDENTS_PROC_3E013NZ == 0 & ANTECEDENTS_PROC_3E013GC == 1.0 & ANTECEDENTS_PROC_8E0ZXY6 == 1.0 & ANTECEDENTS_PROC_3E033NZ == 0.0 & AGE_LOWER_40 == 0.0 & SEXO == 0 & ANTECEDENTS_PROC_BW03ZZZ == 0 & ANTECEDENTS_DIA_SHORT_I10 == 0,1,1
ANTECEDENTS_PROC_3E0337Z == 0.0 & AGE_HIGHER_60 == 1.0 & AGE_40_60 == 0 & ANTECEDENTS_PROC_3E013NZ == 0 & ANTECEDENTS_PROC_3E013GC == 1.0 & ANTECEDENTS_PROC_8E0ZXY6 == 1.0 & ANTECEDENTS_PROC_3E033NZ == 0.0 & AGE_LOWER_40 == 0.0 & SEXO == 0 & ANTECEDENTS_PROC_BW03ZZZ == 0 & ANTECEDENTS_DIA_SHORT_I10 == 1,3,3
ANTECEDENTS_PROC_3E0337Z == 0.0 & AGE_HIGHER_60 == 1.0 & AGE_40_60 == 0 & ANTECEDENTS_PROC_3E013GC == 0 & ANTECEDENTS_PROC_3E013NZ == 0.0 & ANTECEDENTS_PROC_3E0333Z == 0.0 & ANTECEDENTS_PROC_3E033NZ == 1.0 & ANTECEDENTS_PROC_BW03ZZZ == 1.0 & SEXO == 1.0 & ANTECEDENTS_DIA_SHORT_I10 == 0 & ANTECEDENTS_PROC_5A1955Z == 0.0 & ANTECEDENTS_PROC_3E033GC == 0,1,1
ANTECEDENTS_PROC_3E0337Z == 0.0 & AGE_HIGHER_60 == 1.0 & AGE_40_60 == 0 & ANTECEDENTS_PROC_3E013GC == 0 & ANTECEDENTS_PROC_3E013NZ == 0.0 & ANTECEDENTS_PROC_3E0333Z == 0.0 & ANTECEDENTS_PROC_3E033NZ == 1.0 & ANTECEDENTS_PROC_BW03ZZZ == 1.0 & SEXO == 1.0 & ANTECEDENTS_DIA_SHORT_I10 == 0 & ANTECEDENTS_PROC_5A1955Z == 0.0 & ANTECEDENTS_PROC_3E033GC == 1,2,2
ANTECEDENTS_PROC_3E0337Z == 0.0 & AGE_HIGHER_60 == 1.0 & AGE_40_60 == 0 & ANTECEDENTS_PROC_3E013NZ == 0 & ANTECEDENTS_PROC_3E013GC == 0.0 & ANTECEDENTS_PROC_3E033NZ == 0.0 & SEXO == 1.0 & ANTECEDENTS_PROC_8E0ZXY6 == 0 & AGE_LOWER_40 == 0.0 & ANTECEDENTS_PROC_3E0F7GC == 1,1,1
ANTECEDENTS_PROC_3E0337Z == 0.0 & AGE_HIGHER_60 == 1.0 & AGE_40_60 == 0 & ANTECEDENTS_PROC_3E013GC == 1 & ANTECEDENTS_PROC_3E013NZ == 0.0 & ANTECEDENTS_PROC_3E0333Z == 0.0 & ANTECEDENTS_PROC_3E033NZ == 1.0 & ANTECEDENTS_PROC_BW03ZZZ == 0.0 & SEXO == 0,1,1
ANTECEDENTS_PROC_3E0337Z == 0.0 & AGE_HIGHER_60 == 1.0 & AGE_40_60 == 0 & ANTECEDENTS_PROC_3E013NZ == 0 & ANTECEDENTS_PROC_3E013GC == 1.0 & ANTECEDENTS_PROC_8E0ZXY6 == 1.0 & ANTECEDENTS_PROC_3E033NZ == 1.0 & AGE_LOWER_40 == 0.0 & SEXO == 0 & ANTECEDENTS_PROC_BW03ZZZ == 1 & ANTECEDENTS_DIA_SHORT_I10 == 1.0 & ANTECEDENTS_PROC_5A1955Z == 0,2,2
ANTECEDENTS_PROC_3E0337Z == 0.0 & AGE_HIGHER_60 == 1.0 & AGE_40_60 == 0 & ANTECEDENTS_PROC_3E013NZ == 0 & ANTECEDENTS_PROC_3E013GC == 1.0 & ANTECEDENTS_PROC_8E0ZXY6 == 1.0 & ANTECEDENTS_PROC_3E033NZ == 0.0 & AGE_LOWER_40 == 0.0 & SEXO == 0 & ANTECEDENTS_PROC_BW03ZZZ == 0 & ANTECEDENTS_DIA_SHORT_I10 == 1.0 & ANTECEDENTS_PROC_5A1955Z == 0,3,3
ANTECEDENTS_PROC_3E0337Z == 0.0 & AGE_HIGHER_60 == 1.0 & AGE_40_60 == 0 & ANTECEDENTS_PROC_3E013NZ == 0 & ANTECEDENTS_PROC_3E013GC == 0.0 & ANTECEDENTS_PROC_8E0ZXY6 == 1.0 & ANTECEDENTS_PROC_3E033NZ == 0.0 & AGE_LOWER_40 == 0.0 & SEXO == 0 & ANTECEDENTS_DIA_SHORT_J80 == 0 & ANTECEDENTS_DIA_SHORT_I10 == 0.0 & ANTECEDENTS_PROC_3E0333Z == 0.0 & ANTECEDENTS_PROC_3E0F7GC == 0.0 & ANTECEDENTS_PROC_BW03ZZZ == 1.0 & ANTECEDENTS_PROC_3E033GC == 0,1,1
ANTECEDENTS_PROC_3E0337Z == 0.0 & AGE_HIGHER_60 == 0.0 & AGE_40_60 == 1 & ANTECEDENTS_PROC_3E013GC == 1 & ANTECEDENTS_PROC_3E013NZ == 0.0 & ANTECEDENTS_PROC_3E0333Z == 0,9,9
ANTECEDENTS_PROC_3E0337Z == 0.0 & AGE_HIGHER_60 == 0.0 & AGE_40_60 == 1 & ANTECEDENTS_PROC_3E013GC == 1 & ANTECEDENTS_PROC_3E013NZ == 0.0 & ANTECEDENTS_PROC_3E0333Z == 1,5,5
ANTECEDENTS_PROC_3E0337Z == 0.0 & AGE_HIGHER_60 == 1.0 & AGE_40_60 == 0 & ANTECEDENTS_PROC_3E013NZ == 0 & ANTECEDENTS_PROC_3E013GC == 1.0 & ANTECEDENTS_PROC_3E033NZ == 1.0 & SEXO == 0.0 & ANTECEDENTS_PROC_8E0ZXY6 == 1 & AGE_LOWER_40 == 0.0 & ANTECEDENTS_PROC_3E0F7GC == 0 & ANTECEDENTS_DIA_SHORT_G20 == 0.0 & ANTECEDENTS_PROC_3E0333Z == 0.0 & ANTECEDENTS_DIA_SHORT_I10 == 0,2,2
ANTECEDENTS_PROC_3E0337Z == 0.0 & AGE_HIGHER_60 == 1.0 & AGE_40_60 == 0 & ANTECEDENTS_PROC_3E013NZ == 0 & ANTECEDENTS_PROC_3E013GC == 1.0 & ANTECEDENTS_PROC_3E033NZ == 1.0 & SEXO == 0.0 & ANTECEDENTS_PROC_8E0ZXY6 == 1 & AGE_LOWER_40 == 0.0 & ANTECEDENTS_PROC_3E0F7GC == 0 & ANTECEDENTS_DIA_SHORT_G20 == 0.0 & ANTECEDENTS_PROC_3E0333Z == 0.0 & ANTECEDENTS_DIA_SHORT_I10 == 1,1,1
ANTECEDENTS_PROC_3E0337Z == 0.0 & AGE_HIGHER_60 == 1.0 & AGE_40_60 == 0 & ANTECEDENTS_PROC_3E013NZ == 0 & ANTECEDENTS_PROC_3E013GC == 1.0 & ANTECEDENTS_PROC_3E033NZ == 1.0 & ANTECEDENTS_PROC_8E0ZXY6 == 1.0 & ANTECEDENTS_DIA_SHORT_I10 == 1.0 & SEXO == 0.0 & ANTECEDENTS_PROC_3E0333Z == 0,1,1
ANTECEDENTS_PROC_3E0337Z == 0.0 & AGE_HIGHER_60 == 1.0 & AGE_40_60 == 0 & ANTECEDENTS_PROC_3E013NZ == 0 & ANTECEDENTS_PROC_3E013GC == 1.0 & ANTECEDENTS_PROC_3E033NZ == 1.0 & ANTECEDENTS_PROC_8E0ZXY6 == 1.0 & ANTECEDENTS_DIA_SHORT_I10 == 1.0 & SEXO == 0.0 & ANTECEDENTS_PROC_3E0333Z == 1,2,2
ANTECEDENTS_PROC_3E0337Z == 0.0 & AGE_HIGHER_60 == 1.0 & AGE_40_60 == 0 & ANTECEDENTS_PROC_3E013NZ == 0 & ANTECEDENTS_PROC_3E013GC == 0.0 & ANTECEDENTS_PROC_8E0ZXY6 == 1.0 & ANTECEDENTS_PROC_3E033NZ == 0.0 & ANTECEDENTS_PROC_BW03ZZZ == 1.0 & SEXO == 0,2,2
ANTECEDENTS_PROC_3E0337Z == 0.0 & AGE_HIGHER_60 == 1.0 & AGE_40_60 == 0 & ANTECEDENTS_PROC_3E013NZ == 0 & ANTECEDENTS_PROC_3E013GC == 0.0 & ANTECEDENTS_PROC_8E0ZXY6 == 1.0 & ANTECEDENTS_PROC_3E033NZ == 0.0 & ANTECEDENTS_PROC_BW03ZZZ == 1.0 & SEXO == 1,4,4
ANTECEDENTS_PROC_3E0337Z == 0.0 & AGE_HIGHER_60 == 0.0 & AGE_40_60 == 1 & ANTECEDENTS_PROC_3E013NZ == 0 & ANTECEDENTS_PROC_3E013GC == 0.0 & ANTECEDENTS_PROC_3E033NZ == 0.0 & SEXO == 0.0 & ANTECEDENTS_PROC_8E0ZXY6 == 0,2,2
ANTECEDENTS_PROC_3E0337Z == 0.0 & AGE_HIGHER_60 == 0.0 & AGE_40_60 == 1 & ANTECEDENTS_PROC_3E013NZ == 0 & ANTECEDENTS_PROC_3E013GC == 0.0 & ANTECEDENTS_PROC_3E033NZ == 0.0 & SEXO == 0.0 & ANTECEDENTS_PROC_8E0ZXY6 == 1,5,5
ANTECEDENTS_PROC_3E0337Z == 0.0 & AGE_HIGHER_60 == 0.0 & AGE_40_60 == 1 & ANTECEDENTS_PROC_3E013GC == 0 & ANTECEDENTS_PROC_3E013NZ == 0.0 & ANTECEDENTS_PROC_3E0333Z == 0.0 & ANTECEDENTS_PROC_3E033NZ == 0,5,5
ANTECEDENTS_PROC_3E0337Z == 0.0 & AGE_HIGHER_60 == 0.0 & AGE_40_60 == 1 & ANTECEDENTS_PROC_3E013GC == 0 & ANTECEDENTS_PROC_3E013NZ == 0.0 & ANTECEDENTS_PROC_3E0333Z == 0.0 & ANTECEDENTS_PROC_3E033NZ == 1,8,8
ANTECEDENTS_PROC_3E0337Z == 1.0 & AGE_HIGHER_60 == 1.0 & AGE_40_60 == 0 & ANTECEDENTS_PROC_3E013NZ == 0 & ANTECEDENTS_PROC_3E013GC == 1.0 & ANTECEDENTS_PROC_3E033NZ == 0.0 & SEXO == 0.0 & ANTECEDENTS_DIA_SHORT_I10 == 0 & ANTECEDENTS_PROC_5A1955Z == 0.0 & ANTECEDENTS_PROC_8E0ZXY6 == 1.0 & ANTECEDENTS_PROC_3E0333Z == 0,2,2
ANTECEDENTS_PROC_3E0337Z == 0.0 & AGE_HIGHER_60 == 1.0 & AGE_40_60 == 0 & ANTECEDENTS_PROC_3E013NZ == 0 & ANTECEDENTS_PROC_3E013GC == 1.0 & ANTECEDENTS_PROC_3E033NZ == 0.0 & ANTECEDENTS_PROC_3E0333Z == 1.0 & SEXO == 0.0 & ANTECEDENTS_DIA_SHORT_F05 == 0 & ANTECEDENTS_PROC_8E0ZXY6 == 1.0 & ANTECEDENTS_DIA_SHORT_I10 == 1,1,1
ANTECEDENTS_PROC_3E0337Z == 0.0 & AGE_HIGHER_60 == 1.0 & AGE_40_60 == 0 & ANTECEDENTS_PROC_3E013NZ == 0 & ANTECEDENTS_PROC_3E013GC == 1.0 & ANTECEDENTS_PROC_3E033NZ == 1.0 & ANTECEDENTS_PROC_8E0ZXY6 == 1.0 & ANTECEDENTS_DIA_SHORT_I10 == 1,3,3
ANTECEDENTS_PROC_3E0337Z == 0.0 & AGE_HIGHER_60 == 1.0 & AGE_40_60 == 0 & ANTECEDENTS_PROC_3E013NZ == 0 & ANTECEDENTS_PROC_3E013GC == 0.0 & ANTECEDENTS_PROC_3E0333Z == 0.0 & ANTECEDENTS_PROC_3E033NZ == 0.0 & ANTECEDENTS_PROC_8E0ZXY6 == 0.0 & SEXO == 1.0 & ANTECEDENTS_PROC_BW03ZZZ == 1,1,1
ANTECEDENTS_PROC_3E0337Z == 0.0 & AGE_HIGHER_60 == 1.0 & AGE_40_60 == 0 & ANTECEDENTS_PROC_3E013NZ == 0 & ANTECEDENTS_PROC_3E013GC == 1.0 & ANTECEDENTS_PROC_3E033NZ == 0.0 & ANTECEDENTS_PROC_3E0333Z == 0.0 & SEXO == 0.0 & ANTECEDENTS_DIA_SHORT_F05 == 0 & ANTECEDENTS_PROC_8E0ZXY6 == 1.0 & ANTECEDENTS_DIA_SHORT_I10 == 0,2,2
ANTECEDENTS_PROC_3E0337Z == 0.0 & AGE_HIGHER_60 == 1.0 & AGE_40_60 == 0 & ANTECEDENTS_PROC_3E013NZ == 0 & ANTECEDENTS_PROC_3E013GC == 1.0 & ANTECEDENTS_PROC_3E033NZ == 0.0 & ANTECEDENTS_PROC_3E0333Z == 0.0 & SEXO == 0.0 & ANTECEDENTS_DIA_SHORT_F05 == 0 & ANTECEDENTS_PROC_8E0ZXY6 == 1.0 & ANTECEDENTS_DIA_SHORT_I10 == 1,6,6
ANTECEDENTS_PROC_3E0337Z == 0.0 & AGE_HIGHER_60 == 1.0 & AGE_40_60 == 0 & ANTECEDENTS_PROC_3E013NZ == 0 & ANTECEDENTS_PROC_3E013GC == 1.0 & ANTECEDENTS_PROC_3E033NZ == 1.0 & SEXO == 0.0 & ANTECEDENTS_DIA_SHORT_I10 == 1,3,3
ANTECEDENTS_PROC_3E0337Z == 1.0 & AGE_HIGHER_60 == 1.0 & AGE_40_60 == 0 & ANTECEDENTS_PROC_3E013NZ == 0 & ANTECEDENTS_PROC_3E013GC == 1.0 & ANTECEDENTS_PROC_3E033NZ == 1.0 & ANTECEDENTS_PROC_8E0ZXY6 == 1.0 & ANTECEDENTS_DIA_SHORT_I10 == 0.0 & SEXO == 1.0 & ANTECEDENTS_PROC_3E0333Z == 0,3,3
ANTECEDENTS_PROC_3E0337Z == 0.0 & AGE_HIGHER_60 == 0.0 & AGE_40_60 == 1 & ANTECEDENTS_PROC_3E013NZ == 0 & ANTECEDENTS_PROC_3E013GC == 1.0 & ANTECEDENTS_PROC_8E0ZXY6 == 1.0 & ANTECEDENTS_PROC_3E033NZ == 1.0 & AGE_LOWER_40 == 0.0 & SEXO == 1 & ANTECEDENTS_PROC_BW03ZZZ == 1,2,2
ANTECEDENTS_PROC_3E0337Z == 0.0 & AGE_HIGHER_60 == 1.0 & AGE_40_60 == 0 & ANTECEDENTS_PROC_3E013NZ == 0 & ANTECEDENTS_PROC_3E013GC == 1.0 & ANTECEDENTS_PROC_3E0333Z == 0.0 & ANTECEDENTS_PROC_3E033NZ == 0.0 & ANTECEDENTS_PROC_8E0ZXY6 == 1.0 & SEXO == 0.0 & ANTECEDENTS_PROC_BW03ZZZ == 0,3,3
ANTECEDENTS_PROC_3E0337Z == 0.0 & AGE_HIGHER_60 == 1.0 & AGE_40_60 == 0 & ANTECEDENTS_PROC_3E013NZ == 0 & ANTECEDENTS_PROC_3E013GC == 1.0 & ANTECEDENTS_PROC_3E0333Z == 0.0 & ANTECEDENTS_PROC_3E033NZ == 0.0 & ANTECEDENTS_PROC_8E0ZXY6 == 1.0 & SEXO == 0.0 & ANTECEDENTS_PROC_BW03ZZZ == 1,5,5
ANTECEDENTS_PROC_3E0337Z == 0.0 & AGE_HIGHER_60 == 1.0 & AGE_40_60 == 0 & ANTECEDENTS_PROC_3E013NZ == 0 & ANTECEDENTS_PROC_3E013GC == 1.0 & ANTECEDENTS_PROC_3E033NZ == 0.0 & SEXO == 0,10,10
ANTECEDENTS_PROC_3E0337Z == 0.0 & AGE_HIGHER_60 == 1.0 & AGE_40_60 == 0 & ANTECEDENTS_PROC_3E013NZ == 0 & ANTECEDENTS_PROC_3E013GC == 1.0 & ANTECEDENTS_PROC_3E033NZ == 0.0 & SEXO == 1,11,11
ANTECEDENTS_PROC_3E0337Z == 0.0 & AGE_HIGHER_60 == 1.0 & AGE_40_60 == 0 & ANTECEDENTS_PROC_3E013NZ == 0 & ANTECEDENTS_PROC_3E013GC == 0.0 & ANTECEDENTS_PROC_3E033NZ == 0.0 & ANTECEDENTS_PROC_3E0333Z == 1.0 & SEXO == 0.0 & ANTECEDENTS_DIA_SHORT_F05 == 0 & ANTECEDENTS_PROC_8E0ZXY6 == 0,1,1
ANTECEDENTS_PROC_3E0337Z == 0.0 & AGE_HIGHER_60 == 0.0 & AGE_40_60 == 1 & ANTECEDENTS_PROC_3E013NZ == 0 & ANTECEDENTS_PROC_3E013GC == 1.0 & ANTECEDENTS_PROC_3E033NZ == 1.0 & ANTECEDENTS_PROC_3E0333Z == 0,5,5
ANTECEDENTS_PROC_3E0337Z == 0.0 & AGE_HIGHER_60 == 0.0 & AGE_40_60 == 1 & ANTECEDENTS_PROC_3E013NZ == 0 & ANTECEDENTS_PROC_3E013GC == 1.0 & ANTECEDENTS_PROC_3E033NZ == 1.0 & ANTECEDENTS_PROC_3E0333Z == 1,3,3
ANTECEDENTS_PROC_3E0337Z == 0.0 & AGE_HIGHER_60 == 0.0 & AGE_40_60 == 1 & ANTECEDENTS_PROC_3E013NZ == 0 & ANTECEDENTS_PROC_3E013GC == 1.0 & ANTECEDENTS_PROC_8E0ZXY6 == 1.0 & ANTECEDENTS_PROC_3E033NZ == 1.0 & AGE_LOWER_40 == 0.0 & SEXO == 1 & ANTECEDENTS_DIA_SHORT_J80 == 0 & ANTECEDENTS_DIA_SHORT_I10 == 0,2,2
ANTECEDENTS_PROC_3E0337Z == 0.0 & AGE_HIGHER_60 == 0.0 & AGE_40_60 == 1 & ANTECEDENTS_PROC_3E013NZ == 0 & ANTECEDENTS_PROC_3E013GC == 1.0 & ANTECEDENTS_PROC_3E033NZ == 1.0 & ANTECEDENTS_PROC_8E0ZXY6 == 1.0 & ANTECEDENTS_DIA_SHORT_I10 == 0,7,7
ANTECEDENTS_PROC_3E0337Z == 0.0 & AGE_HIGHER_60 == 0.0 & AGE_40_60 == 1 & ANTECEDENTS_PROC_3E013NZ == 0 & ANTECEDENTS_PROC_3E013GC == 1.0 & ANTECEDENTS_PROC_3E033NZ == 1.0 & ANTECEDENTS_PROC_8E0ZXY6 == 1.0 & ANTECEDENTS_DIA_SHORT_I10 == 1,1,1
ANTECEDENTS_PROC_3E0337Z == 0.0 & AGE_HIGHER_60 == 1.0 & AGE_40_60 == 0 & ANTECEDENTS_PROC_3E013NZ == 0 & ANTECEDENTS_PROC_3E013GC == 0.0 & ANTECEDENTS_PROC_8E0ZXY6 == 1.0 & ANTECEDENTS_PROC_3E033NZ == 0.0 & AGE_LOWER_40 == 0.0 & SEXO == 0 & ANTECEDENTS_PROC_BW03ZZZ == 1 & ANTECEDENTS_DIA_SHORT_I10 == 0.0 & ANTECEDENTS_PROC_5A1955Z == 0,1,1
ANTECEDENTS_PROC_3E0337Z == 0.0 & AGE_HIGHER_60 == 1.0 & AGE_40_60 == 0 & ANTECEDENTS_PROC_3E013NZ == 0 & ANTECEDENTS_PROC_3E013GC == 1.0 & ANTECEDENTS_PROC_8E0ZXY6 == 1.0 & ANTECEDENTS_PROC_3E033NZ == 0.0 & ANTECEDENTS_PROC_BW03ZZZ == 0,6,6
ANTECEDENTS_PROC_3E0337Z == 0.0 & AGE_HIGHER_60 == 1.0 & AGE_40_60 == 0 & ANTECEDENTS_PROC_3E013NZ == 0 & ANTECEDENTS_PROC_3E013GC == 1.0 & ANTECEDENTS_PROC_8E0ZXY6 == 1.0 & ANTECEDENTS_PROC_3E033NZ == 0.0 & ANTECEDENTS_PROC_BW03ZZZ == 1,11,11
ANTECEDENTS_PROC_3E0337Z == 0.0 & AGE_HIGHER_60 == 1.0 & AGE_40_60 == 0 & ANTECEDENTS_PROC_3E013NZ == 0 & ANTECEDENTS_PROC_3E013GC == 1.0 & ANTECEDENTS_PROC_8E0ZXY6 == 1.0 & ANTECEDENTS_PROC_3E033NZ == 1.0 & ANTECEDENTS_PROC_BW03ZZZ == 1.0 & SEXO == 0.0 & ANTECEDENTS_PROC_3E033GC == 1,2,2
ANTECEDENTS_PROC_3E0337Z == 0.0 & AGE_HIGHER_60 == 1.0 & AGE_40_60 == 0 & ANTECEDENTS_PROC_3E013NZ == 0 & ANTECEDENTS_PROC_3E013GC == 0.0 & ANTECEDENTS_PROC_8E0ZXY6 == 1.0 & ANTECEDENTS_PROC_3E033NZ == 0.0 & ANTECEDENTS_PROC_BW03ZZZ == 1.0 & SEXO == 0.0 & ANTECEDENTS_PROC_3E033GC == 0,2,2
ANTECEDENTS_PROC_3E0337Z == 0.0 & AGE_HIGHER_60 == 1.0 & AGE_40_60 == 0 & ANTECEDENTS_PROC_3E013NZ == 0 & ANTECEDENTS_PROC_3E013GC == 1.0 & ANTECEDENTS_PROC_3E0333Z == 0.0 & ANTECEDENTS_PROC_3E033NZ == 1.0 & ANTECEDENTS_PROC_8E0ZXY6 == 1.0 & SEXO == 0.0 & ANTECEDENTS_PROC_BW03ZZZ == 0,1,1
ANTECEDENTS_PROC_3E0337Z == 0.0 & AGE_HIGHER_60 == 1.0 & AGE_40_60 == 0 & ANTECEDENTS_PROC_3E013NZ == 0 & ANTECEDENTS_PROC_3E013GC == 1.0 & ANTECEDENTS_PROC_3E0333Z == 0.0 & ANTECEDENTS_PROC_3E033NZ == 1.0 & ANTECEDENTS_PROC_8E0ZXY6 == 1.0 & SEXO == 0.0 & ANTECEDENTS_PROC_BW03ZZZ == 1,2,2
ANTECEDENTS_PROC_3E0337Z == 0.0 & AGE_HIGHER_60 == 1.0 & AGE_40_60 == 0 & ANTECEDENTS_PROC_3E013NZ == 0 & ANTECEDENTS_PROC_3E013GC == 1.0 & ANTECEDENTS_PROC_3E033NZ == 0.0 & ANTECEDENTS_PROC_8E0ZXY6 == 1.0 & ANTECEDENTS_DIA_SHORT_I10 == 1.0 & SEXO == 0,7,7
ANTECEDENTS_PROC_3E0337Z == 0.0 & AGE_HIGHER_60 == 1.0 & AGE_40_60 == 0 & ANTECEDENTS_PROC_3E013NZ == 0 & ANTECEDENTS_PROC_3E013GC == 1.0 & ANTECEDENTS_PROC_3E033NZ == 0.0 & ANTECEDENTS_PROC_8E0ZXY6 == 1.0 & ANTECEDENTS_DIA_SHORT_I10 == 1.0 & SEXO == 1,5,5
ANTECEDENTS_PROC_3E0337Z == 1.0 & AGE_HIGHER_60 == 1.0 & AGE_40_60 == 0 & ANTECEDENTS_PROC_3E013NZ == 0 & ANTECEDENTS_PROC_3E013GC == 1.0 & ANTECEDENTS_PROC_8E0ZXY6 == 1.0 & ANTECEDENTS_PROC_3E033NZ == 1.0 & AGE_LOWER_40 == 0.0 & SEXO == 1 & ANTECEDENTS_DIA_SHORT_J80 == 0 & ANTECEDENTS_DIA_SHORT_I10 == 0.0 & ANTECEDENTS_PROC_3E0333Z == 0,3,3
ANTECEDENTS_PROC_3E0337Z == 0.0 & AGE_HIGHER_60 == 0.0 & AGE_40_60 == 1 & ANTECEDENTS_PROC_3E013NZ == 0 & ANTECEDENTS_PROC_3E013GC == 1.0 & ANTECEDENTS_PROC_3E0333Z == 1.0 & ANTECEDENTS_PROC_3E033NZ == 1.0 & ANTECEDENTS_PROC_8E0ZXY6 == 1.0 & SEXO == 0,2,2
ANTECEDENTS_PROC_3E0337Z == 0.0 & AGE_HIGHER_60 == 0.0 & AGE_40_60 == 1 & ANTECEDENTS_PROC_3E013NZ == 0 & ANTECEDENTS_PROC_3E013GC == 1.0 & ANTECEDENTS_PROC_3E0333Z == 1.0 & ANTECEDENTS_PROC_3E033NZ == 1.0 & ANTECEDENTS_PROC_8E0ZXY6 == 1.0 & SEXO == 1,1,1
ANTECEDENTS_PROC_3E0337Z == 0.0 & AGE_HIGHER_60 == 1.0 & AGE_40_60 == 0 & ANTECEDENTS_PROC_3E013NZ == 0 & ANTECEDENTS_PROC_3E013GC == 1.0 & ANTECEDENTS_PROC_3E0333Z == 0.0 & ANTECEDENTS_PROC_3E033NZ == 1.0 & ANTECEDENTS_PROC_8E0ZXY6 == 1,3,3
ANTECEDENTS_PROC_3E0337Z == 0.0 & AGE_HIGHER_60 == 1.0 & AGE_40_60 == 0 & ANTECEDENTS_PROC_3E013GC == 0 & ANTECEDENTS_PROC_3E013NZ == 0.0 & ANTECEDENTS_PROC_3E0333Z == 0.0 & ANTECEDENTS_PROC_3E033NZ == 0.0 & ANTECEDENTS_PROC_BW03ZZZ == 1.0 & SEXO == 0.0 & ANTECEDENTS_DIA_SHORT_I10 == 0 & ANTECEDENTS_PROC_5A1955Z == 0,1,1
ANTECEDENTS_PROC_3E0337Z == 0.0 & AGE_HIGHER_60 == 1.0 & AGE_40_60 == 0 & ANTECEDENTS_PROC_3E013NZ == 0 & ANTECEDENTS_PROC_3E013GC == 0.0 & ANTECEDENTS_PROC_3E033NZ == 1.0 & SEXO == 1.0 & ANTECEDENTS_DIA_SHORT_I10 == 0 & ANTECEDENTS_PROC_5A1955Z == 0.0 & ANTECEDENTS_PROC_8E0ZXY6 == 1.0 & ANTECEDENTS_PROC_3E0333Z == 0.0 & ANTECEDENTS_PROC_BW03ZZZ == 1.0 & ANTECEDENTS_DIA_SHORT_J80 == 0.0 & ANTECEDENTS_PROC_3E033GC == 1.0 & ANTECEDENTS_PROC_3E0F7GC == 0,2,2
ANTECEDENTS_PROC_3E0337Z == 1.0 & AGE_HIGHER_60 == 1.0 & AGE_40_60 == 0 & ANTECEDENTS_PROC_3E013NZ == 0 & ANTECEDENTS_PROC_3E013GC == 0.0 & ANTECEDENTS_PROC_3E033NZ == 0.0 & SEXO == 0.0 & ANTECEDENTS_DIA_SHORT_I10 == 1 & ANTECEDENTS_PROC_5A1955Z == 0.0 & ANTECEDENTS_PROC_8E0ZXY6 == 1,1,1
ANTECEDENTS_PROC_3E0337Z == 0.0 & AGE_HIGHER_60 == 1.0 & AGE_40_60 == 0 & ANTECEDENTS_PROC_3E013NZ == 0 & ANTECEDENTS_PROC_3E013GC == 1.0 & ANTECEDENTS_PROC_3E033NZ == 1.0 & SEXO == 1.0 & ANTECEDENTS_PROC_8E0ZXY6 == 1,1,1
ANTECEDENTS_PROC_3E0337Z == 0.0 & AGE_HIGHER_60 == 1.0 & AGE_40_60 == 0 & ANTECEDENTS_PROC_3E013GC == 0 & ANTECEDENTS_PROC_3E013NZ == 0.0 & ANTECEDENTS_PROC_3E0333Z == 0.0 & ANTECEDENTS_PROC_3E033NZ == 0.0 & ANTECEDENTS_PROC_BW03ZZZ == 1,4,4
ANTECEDENTS_PROC_3E0337Z == 0.0 & AGE_HIGHER_60 == 1.0 & AGE_40_60 == 0 & ANTECEDENTS_PROC_3E013NZ == 0 & ANTECEDENTS_PROC_3E013GC == 1.0 & ANTECEDENTS_PROC_8E0ZXY6 == 1.0 & SEXO == 0,15,16
ANTECEDENTS_PROC_3E0337Z == 0.0 & AGE_HIGHER_60 == 1.0 & AGE_40_60 == 0 & ANTECEDENTS_PROC_3E013NZ == 0 & ANTECEDENTS_PROC_3E013GC == 1.0 & ANTECEDENTS_PROC_8E0ZXY6 == 1.0 & SEXO == 1,9,9
ANTECEDENTS_PROC_3E0337Z == 1.0 & AGE_HIGHER_60 == 1.0 & AGE_40_60 == 0 & ANTECEDENTS_PROC_3E013NZ == 0 & ANTECEDENTS_PROC_3E013GC == 1.0 & ANTECEDENTS_PROC_8E0ZXY6 == 1.0 & ANTECEDENTS_PROC_3E033NZ == 0.0 & AGE_LOWER_40 == 0.0 & SEXO == 1 & ANTECEDENTS_DIA_SHORT_J80 == 0 & ANTECEDENTS_DIA_SHORT_I10 == 0.0 & ANTECEDENTS_PROC_3E0333Z == 0,1,1
ANTECEDENTS_PROC_3E0337Z == 1.0 & AGE_HIGHER_60 == 0.0 & AGE_40_60 == 1 & ANTECEDENTS_PROC_3E013NZ == 0 & ANTECEDENTS_PROC_3E013GC == 0.0 & ANTECEDENTS_PROC_3E033NZ == 1.0 & ANTECEDENTS_PROC_3E0333Z == 0,1,1
ANTECEDENTS_PROC_3E0337Z == 1.0 & AGE_HIGHER_60 == 1.0 & AGE_40_60 == 0 & ANTECEDENTS_PROC_3E013NZ == 0 & ANTECEDENTS_PROC_3E013GC == 1.0 & ANTECEDENTS_PROC_3E033NZ == 0.0 & SEXO == 0.0 & ANTECEDENTS_PROC_8E0ZXY6 == 1 & AGE_LOWER_40 == 0.0 & ANTECEDENTS_PROC_3E0F7GC == 0 & ANTECEDENTS_DIA_SHORT_G20 == 0.0 & ANTECEDENTS_PROC_3E0333Z == 0,2,2
ANTECEDENTS_PROC_3E0337Z == 0.0 & AGE_HIGHER_60 == 1.0 & AGE_40_60 == 0 & ANTECEDENTS_PROC_3E013NZ == 0 & ANTECEDENTS_PROC_3E013GC == 0.0 & ANTECEDENTS_PROC_3E033NZ == 1.0 & SEXO == 0.0 & ANTECEDENTS_PROC_8E0ZXY6 == 1 & AGE_LOWER_40 == 0.0 & ANTECEDENTS_PROC_3E0F7GC == 1 & ANTECEDENTS_DIA_SHORT_G20 == 0.0 & ANTECEDENTS_PROC_3E0333Z == 1.0 & ANTECEDENTS_DIA_SHORT_I10 == 1,1,1
ANTECEDENTS_PROC_3E0337Z == 0.0 & AGE_HIGHER_60 == 0.0 & AGE_40_60 == 1 & ANTECEDENTS_PROC_3E013NZ == 0 & ANTECEDENTS_PROC_3E013GC == 1.0 & ANTECEDENTS_PROC_3E033NZ == 0,6,6
ANTECEDENTS_PROC_3E0337Z == 0.0 & AGE_HIGHER_60 == 0.0 & AGE_40_60 == 1 & ANTECEDENTS_PROC_3E013NZ == 0 & ANTECEDENTS_PROC_3E013GC == 1.0 & ANTECEDENTS_PROC_3E033NZ == 1,8,8
ANTECEDENTS_PROC_3E0337Z == 0.0 & AGE_HIGHER_60 == 1.0 & AGE_40_60 == 0 & ANTECEDENTS_PROC_3E013NZ == 0 & ANTECEDENTS_PROC_3E013GC == 0.0 & ANTECEDENTS_PROC_8E0ZXY6 == 1.0 & ANTECEDENTS_PROC_3E033NZ == 0.0 & ANTECEDENTS_PROC_BW03ZZZ == 0.0 & SEXO == 0.0 & ANTECEDENTS_PROC_3E033GC == 0 & AGE_LOWER_40 == 0.0 & ANTECEDENTS_PROC_3E0333Z == 1,1,1
ANTECEDENTS_PROC_3E0337Z == 0.0 & AGE_HIGHER_60 == 0.0 & AGE_40_60 == 1 & ANTECEDENTS_PROC_3E013GC == 1 & ANTECEDENTS_PROC_3E013NZ == 0.0 & ANTECEDENTS_PROC_3E0333Z == 1.0 & ANTECEDENTS_PROC_3E033NZ == 1.0 & ANTECEDENTS_PROC_BW03ZZZ == 0.0 & SEXO == 0,1,1
ANTECEDENTS_PROC_3E0337Z == 0.0 & AGE_HIGHER_60 == 1.0 & AGE_40_60 == 0 & ANTECEDENTS_PROC_3E013NZ == 0 & ANTECEDENTS_PROC_3E013GC == 1.0 & ANTECEDENTS_PROC_3E033NZ == 0.0 & ANTECEDENTS_PROC_3E0333Z == 0.0 & SEXO == 0,9,9
ANTECEDENTS_PROC_3E0337Z == 0.0 & AGE_HIGHER_60 == 1.0 & AGE_40_60 == 0 & ANTECEDENTS_PROC_3E013NZ == 0 & ANTECEDENTS_PROC_3E013GC == 1.0 & ANTECEDENTS_PROC_3E033NZ == 0.0 & ANTECEDENTS_PROC_3E0333Z == 0.0 & SEXO == 1,9,9
ANTECEDENTS_PROC_3E0337Z == 0.0 & AGE_HIGHER_60 == 0.0 & AGE_40_60 == 1 & ANTECEDENTS_PROC_3E013GC == 1 & ANTECEDENTS_PROC_3E013NZ == 0.0 & ANTECEDENTS_PROC_3E0333Z == 1.0 & ANTECEDENTS_PROC_3E033NZ == 1.0 & ANTECEDENTS_PROC_BW03ZZZ == 0,1,1
ANTECEDENTS_PROC_3E0337Z == 0.0 & AGE_HIGHER_60 == 0.0 & AGE_40_60 == 1 & ANTECEDENTS_PROC_3E013GC == 1 & ANTECEDENTS_PROC_3E013NZ == 0.0 & ANTECEDENTS_PROC_3E0333Z == 1.0 & ANTECEDENTS_PROC_3E033NZ == 1.0 & ANTECEDENTS_PROC_BW03ZZZ == 1,2,2
ANTECEDENTS_PROC_3E0337Z == 0.0 & AGE_HIGHER_60 == 1.0 & AGE_40_60 == 0 & ANTECEDENTS_PROC_3E013NZ == 0 & ANTECEDENTS_PROC_3E013GC == 1.0 & ANTECEDENTS_PROC_8E0ZXY6 == 1.0 & ANTECEDENTS_PROC_3E033NZ == 1.0 & AGE_LOWER_40 == 0.0 & SEXO == 1 & ANTECEDENTS_DIA_SHORT_J80 == 0,1,1
ANTECEDENTS_PROC_3E0337Z == 0.0 & AGE_HIGHER_60 == 0.0 & AGE_40_60 == 1 & ANTECEDENTS_PROC_3E013NZ == 0 & ANTECEDENTS_PROC_3E013GC == 1.0 & ANTECEDENTS_PROC_8E0ZXY6 == 1.0 & ANTECEDENTS_PROC_3E033NZ == 1.0 & ANTECEDENTS_PROC_BW03ZZZ == 0.0 & SEXO == 0,2,2
ANTECEDENTS_PROC_3E0337Z == 0.0 & AGE_HIGHER_60 == 1.0 & AGE_40_60 == 0 & ANTECEDENTS_PROC_3E013NZ == 0 & ANTECEDENTS_PROC_3E013GC == 1.0 & ANTECEDENTS_PROC_3E033NZ == 0,21,21
ANTECEDENTS_PROC_3E0337Z == 1.0 & AGE_HIGHER_60 == 1.0 & AGE_40_60 == 0 & ANTECEDENTS_PROC_3E013NZ == 0 & ANTECEDENTS_PROC_3E013GC == 1.0 & ANTECEDENTS_PROC_8E0ZXY6 == 1.0 & ANTECEDENTS_PROC_3E033NZ == 1.0 & AGE_LOWER_40 == 0.0 & SEXO == 1 & ANTECEDENTS_DIA_SHORT_J80 == 0 & ANTECEDENTS_DIA_SHORT_I10 == 0.0 & ANTECEDENTS_PROC_3E0333Z == 0.0 & ANTECEDENTS_PROC_3E0F7GC == 0,3,3
ANTECEDENTS_PROC_3E0337Z == 1.0 & AGE_HIGHER_60 == 0.0 & AGE_40_60 == 1 & ANTECEDENTS_PROC_3E013GC == 0 & ANTECEDENTS_PROC_3E013NZ == 0.0 & ANTECEDENTS_PROC_3E0333Z == 0,1,1
ANTECEDENTS_PROC_3E0337Z == 0.0 & AGE_HIGHER_60 == 1.0 & AGE_40_60 == 0 & ANTECEDENTS_PROC_3E013NZ == 0 & ANTECEDENTS_PROC_3E013GC == 1.0 & ANTECEDENTS_PROC_8E0ZXY6 == 1.0 & ANTECEDENTS_PROC_3E033NZ == 0.0 & AGE_LOWER_40 == 0.0 & SEXO == 0 & ANTECEDENTS_DIA_SHORT_J80 == 0 & ANTECEDENTS_DIA_SHORT_I10 == 0,2,2
ANTECEDENTS_PROC_3E0337Z == 0.0 & AGE_HIGHER_60 == 1.0 & AGE_40_60 == 0 & ANTECEDENTS_PROC_3E013NZ == 0 & ANTECEDENTS_PROC_3E013GC == 1.0 & ANTECEDENTS_PROC_8E0ZXY6 == 1.0 & ANTECEDENTS_PROC_3E033NZ == 0.0 & AGE_LOWER_40 == 0.0 & SEXO == 0 & ANTECEDENTS_DIA_SHORT_J80 == 0 & ANTECEDENTS_DIA_SHORT_I10 == 1,7,7
ANTECEDENTS_PROC_3E0337Z == 0.0 & AGE_HIGHER_60 == 1.0 & AGE_40_60 == 0 & ANTECEDENTS_PROC_3E013NZ == 0 & ANTECEDENTS_PROC_3E013GC == 0.0 & ANTECEDENTS_PROC_8E0ZXY6 == 1.0 & ANTECEDENTS_PROC_3E033NZ == 0.0 & ANTECEDENTS_PROC_BW03ZZZ == 1,6,6
ANTECEDENTS_PROC_3E0337Z == 0.0 & AGE_HIGHER_60 == 1.0 & AGE_40_60 == 0 & ANTECEDENTS_PROC_3E013NZ == 0 & ANTECEDENTS_PROC_3E013GC == 1.0 & ANTECEDENTS_PROC_3E033NZ == 1.0 & ANTECEDENTS_PROC_8E0ZXY6 == 1.0 & ANTECEDENTS_DIA_SHORT_I10 == 1.0 & SEXO == 0.0 & ANTECEDENTS_PROC_3E0333Z == 1 & ANTECEDENTS_PROC_BW03ZZZ == 0,1,1
ANTECEDENTS_PROC_3E0337Z == 0.0 & AGE_HIGHER_60 == 1.0 & AGE_40_60 == 0 & ANTECEDENTS_PROC_3E013NZ == 0 & ANTECEDENTS_PROC_3E013GC == 1.0 & ANTECEDENTS_PROC_3E033NZ == 1.0 & ANTECEDENTS_PROC_8E0ZXY6 == 1.0 & ANTECEDENTS_DIA_SHORT_I10 == 1.0 & SEXO == 0.0 & ANTECEDENTS_PROC_3E0333Z == 1 & ANTECEDENTS_PROC_BW03ZZZ == 1,1,1
ANTECEDENTS_PROC_3E0337Z == 0.0 & AGE_HIGHER_60 == 1.0 & AGE_40_60 == 0 & ANTECEDENTS_PROC_3E013NZ == 0 & ANTECEDENTS_PROC_3E013GC == 0.0 & ANTECEDENTS_PROC_8E0ZXY6 == 1.0 & ANTECEDENTS_PROC_3E033NZ == 1.0 & ANTECEDENTS_PROC_BW03ZZZ == 1.0 & SEXO == 1.0 & ANTECEDENTS_PROC_3E033GC == 0,1,1
ANTECEDENTS_PROC_3E0337Z == 0.0 & AGE_HIGHER_60 == 1.0 & AGE_40_60 == 0 & ANTECEDENTS_PROC_3E013NZ == 0 & ANTECEDENTS_PROC_3E013GC == 0.0 & ANTECEDENTS_PROC_8E0ZXY6 == 1.0 & ANTECEDENTS_PROC_3E033NZ == 1.0 & ANTECEDENTS_PROC_BW03ZZZ == 1.0 & SEXO == 1.0 & ANTECEDENTS_PROC_3E033GC == 1,3,3
ANTECEDENTS_PROC_3E0337Z == 0.0 & AGE_HIGHER_60 == 0.0 & AGE_40_60 == 1 & ANTECEDENTS_PROC_3E013NZ == 0 & ANTECEDENTS_PROC_3E013GC == 1.0 & ANTECEDENTS_PROC_8E0ZXY6 == 1.0 & ANTECEDENTS_PROC_3E033NZ == 0,5,5
ANTECEDENTS_PROC_3E0337Z == 0.0 & AGE_HIGHER_60 == 0.0 & AGE_40_60 == 1 & ANTECEDENTS_PROC_3E013NZ == 0 & ANTECEDENTS_PROC_3E013GC == 1.0 & ANTECEDENTS_PROC_8E0ZXY6 == 1.0 & ANTECEDENTS_PROC_3E033NZ == 1,8,8
ANTECEDENTS_PROC_3E0337Z == 0.0 & AGE_HIGHER_60 == 1.0 & AGE_40_60 == 0 & ANTECEDENTS_PROC_3E013NZ == 0 & ANTECEDENTS_PROC_3E013GC == 1.0 & ANTECEDENTS_PROC_8E0ZXY6 == 1.0 & ANTECEDENTS_PROC_3E033NZ == 0.0 & AGE_LOWER_40 == 0.0 & SEXO == 0 & ANTECEDENTS_DIA_SHORT_J80 == 0 & ANTECEDENTS_DIA_SHORT_I10 == 1.0 & ANTECEDENTS_PROC_3E0333Z == 0.0 & ANTECEDENTS_PROC_3E0F7GC == 0.0 & ANTECEDENTS_PROC_BW03ZZZ == 0,2,2
ANTECEDENTS_PROC_3E0337Z == 0.0 & AGE_HIGHER_60 == 1.0 & AGE_40_60 == 0 & ANTECEDENTS_PROC_3E013NZ == 0 & ANTECEDENTS_PROC_3E013GC == 1.0 & ANTECEDENTS_PROC_8E0ZXY6 == 1.0 & ANTECEDENTS_PROC_3E033NZ == 0.0 & AGE_LOWER_40 == 0.0 & SEXO == 0 & ANTECEDENTS_DIA_SHORT_J80 == 0 & ANTECEDENTS_DIA_SHORT_I10 == 1.0 & ANTECEDENTS_PROC_3E0333Z == 0.0 & ANTECEDENTS_PROC_3E0F7GC == 0.0 & ANTECEDENTS_PROC_BW03ZZZ == 1,3,3
ANTECEDENTS_PROC_3E0337Z == 0.0 & AGE_HIGHER_60 == 1.0 & AGE_40_60 == 0 & ANTECEDENTS_PROC_3E013GC == 1 & ANTECEDENTS_PROC_3E013NZ == 0.0 & ANTECEDENTS_PROC_3E0333Z == 0.0 & ANTECEDENTS_PROC_3E033NZ == 0.0 & ANTECEDENTS_PROC_BW03ZZZ == 0.0 & SEXO == 0.0 & ANTECEDENTS_DIA_SHORT_I10 == 0,1,1
ANTECEDENTS_PROC_3E0337Z == 0.0 & AGE_HIGHER_60 == 1.0 & AGE_40_60 == 0 & ANTECEDENTS_PROC_3E013GC == 1 & ANTECEDENTS_PROC_3E013NZ == 0.0 & ANTECEDENTS_PROC_3E0333Z == 0.0 & ANTECEDENTS_PROC_3E033NZ == 0.0 & ANTECEDENTS_PROC_BW03ZZZ == 0.0 & SEXO == 0.0 & ANTECEDENTS_DIA_SHORT_I10 == 1,2,2
ANTECEDENTS_PROC_3E0337Z == 0.0 & AGE_HIGHER_60 == 1.0 & AGE_40_60 == 0 & ANTECEDENTS_PROC_3E013NZ == 0 & ANTECEDENTS_PROC_3E013GC == 1.0 & ANTECEDENTS_PROC_8E0ZXY6 == 1.0 & ANTECEDENTS_PROC_3E033NZ == 1.0 & ANTECEDENTS_PROC_BW03ZZZ == 0.0 & SEXO == 0.0 & ANTECEDENTS_PROC_3E033GC == 0,1,1
ANTECEDENTS_PROC_3E0337Z == 0.0 & AGE_HIGHER_60 == 1.0 & AGE_40_60 == 0 & ANTECEDENTS_PROC_3E013NZ == 0 & ANTECEDENTS_PROC_3E013GC == 1.0 & ANTECEDENTS_PROC_8E0ZXY6 == 1.0 & ANTECEDENTS_PROC_3E033NZ == 1.0 & ANTECEDENTS_PROC_BW03ZZZ == 0.0 & SEXO == 0.0 & ANTECEDENTS_PROC_3E033GC == 1,1,1
ANTECEDENTS_PROC_3E0337Z == 0.0 & AGE_HIGHER_60 == 1.0 & AGE_40_60 == 0 & ANTECEDENTS_PROC_3E013NZ == 0 & ANTECEDENTS_PROC_3E013GC == 1.0 & ANTECEDENTS_PROC_3E033NZ == 1.0 & SEXO == 0.0 & ANTECEDENTS_PROC_8E0ZXY6 == 1 & AGE_LOWER_40 == 0.0 & ANTECEDENTS_PROC_3E0F7GC == 0 & ANTECEDENTS_DIA_SHORT_G20 == 0.0 & ANTECEDENTS_PROC_3E0333Z == 0.0 & ANTECEDENTS_DIA_SHORT_I10 == 1.0 & ANTECEDENTS_PROC_BW03ZZZ == 1,1,1
ANTECEDENTS_PROC_3E0337Z == 1.0 & AGE_HIGHER_60 == 1.0 & AGE_40_60 == 0 & ANTECEDENTS_PROC_3E013NZ == 0 & ANTECEDENTS_PROC_3E013GC == 1.0 & ANTECEDENTS_PROC_3E033NZ == 0.0 & ANTECEDENTS_PROC_8E0ZXY6 == 1.0 & ANTECEDENTS_DIA_SHORT_I10 == 0.0 & SEXO == 0.0 & ANTECEDENTS_PROC_3E0333Z == 0,2,2
ANTECEDENTS_PROC_3E0337Z == 0.0 & AGE_HIGHER_60 == 1.0 & AGE_40_60 == 0 & ANTECEDENTS_PROC_3E013GC == 1 & ANTECEDENTS_PROC_3E013NZ == 0.0 & ANTECEDENTS_PROC_3E0333Z == 0.0 & ANTECEDENTS_PROC_3E033NZ == 0.0 & ANTECEDENTS_PROC_BW03ZZZ == 0,6,6
ANTECEDENTS_PROC_3E0337Z == 0.0 & AGE_HIGHER_60 == 1.0 & AGE_40_60 == 0 & ANTECEDENTS_PROC_3E013GC == 1 & ANTECEDENTS_PROC_3E013NZ == 0.0 & ANTECEDENTS_PROC_3E0333Z == 0.0 & ANTECEDENTS_PROC_3E033NZ == 0.0 & ANTECEDENTS_PROC_BW03ZZZ == 1,12,12
ANTECEDENTS_PROC_3E0337Z == 0.0 & AGE_HIGHER_60 == 0.0 & AGE_40_60 == 1 & ANTECEDENTS_PROC_3E013NZ == 0 & ANTECEDENTS_PROC_3E013GC == 0.0 & ANTECEDENTS_PROC_3E0333Z == 0.0 & ANTECEDENTS_PROC_3E033NZ == 0.0 & ANTECEDENTS_PROC_8E0ZXY6 == 0,3,3
ANTECEDENTS_PROC_3E0337Z == 0.0 & AGE_HIGHER_60 == 0.0 & AGE_40_60 == 1 & ANTECEDENTS_PROC_3E013NZ == 0 & ANTECEDENTS_PROC_3E013GC == 0.0 & ANTECEDENTS_PROC_3E0333Z == 0.0 & ANTECEDENTS_PROC_3E033NZ == 0.0 & ANTECEDENTS_PROC_8E0ZXY6 == 1,2,2
ANTECEDENTS_PROC_3E0337Z == 0.0 & AGE_HIGHER_60 == 1.0 & AGE_40_60 == 0 & ANTECEDENTS_PROC_3E013GC == 1 & ANTECEDENTS_PROC_3E013NZ == 0.0 & ANTECEDENTS_PROC_3E0333Z == 1.0 & ANTECEDENTS_PROC_3E033NZ == 1.0 & ANTECEDENTS_PROC_BW03ZZZ == 0,2,2
ANTECEDENTS_PROC_3E0337Z == 0.0 & AGE_HIGHER_60 == 1.0 & AGE_40_60 == 0 & ANTECEDENTS_PROC_3E013NZ == 0 & ANTECEDENTS_PROC_3E013GC == 1.0 & ANTECEDENTS_PROC_8E0ZXY6 == 1.0 & SEXO == 0.0 & ANTECEDENTS_PROC_3E033NZ == 0 & ANTECEDENTS_DIA_SHORT_R99 == 0.0 & ANTECEDENTS_DIA_SHORT_I10 == 0,2,2
ANTECEDENTS_PROC_3E0337Z == 0.0 & AGE_HIGHER_60 == 1.0 & AGE_40_60 == 0 & ANTECEDENTS_PROC_3E013NZ == 0 & ANTECEDENTS_PROC_3E013GC == 1.0 & ANTECEDENTS_PROC_8E0ZXY6 == 1.0 & SEXO == 0.0 & ANTECEDENTS_PROC_3E033NZ == 0 & ANTECEDENTS_DIA_SHORT_R99 == 0.0 & ANTECEDENTS_DIA_SHORT_I10 == 1,7,7
ANTECEDENTS_PROC_3E0337Z == 1.0 & AGE_HIGHER_60 == 1.0 & AGE_40_60 == 0 & ANTECEDENTS_PROC_3E013GC == 1 & ANTECEDENTS_PROC_3E013NZ == 0.0 & ANTECEDENTS_PROC_3E0333Z == 0.0 & ANTECEDENTS_PROC_3E033NZ == 0,4,4
ANTECEDENTS_PROC_3E0337Z == 0.0 & AGE_HIGHER_60 == 1.0 & AGE_40_60 == 0 & ANTECEDENTS_PROC_3E013NZ == 0 & ANTECEDENTS_PROC_3E013GC == 1.0 & ANTECEDENTS_PROC_3E033NZ == 1.0 & SEXO == 0.0 & ANTECEDENTS_PROC_8E0ZXY6 == 1 & AGE_LOWER_40 == 0.0 & ANTECEDENTS_PROC_3E0F7GC == 0 & ANTECEDENTS_DIA_SHORT_G20 == 0.0 & ANTECEDENTS_PROC_3E0333Z == 1.0 & ANTECEDENTS_DIA_SHORT_I10 == 1,2,2
ANTECEDENTS_PROC_3E0337Z == 0.0 & AGE_HIGHER_60 == 1.0 & AGE_40_60 == 0 & ANTECEDENTS_PROC_3E013GC == 1 & ANTECEDENTS_PROC_3E013NZ == 0.0 & ANTECEDENTS_PROC_3E0333Z == 1.0 & ANTECEDENTS_PROC_3E033NZ == 0.0 & ANTECEDENTS_PROC_BW03ZZZ == 0.0 & SEXO == 0.0 & ANTECEDENTS_DIA_SHORT_I10 == 1 & ANTECEDENTS_PROC_5A1955Z == 0,1,1
ANTECEDENTS_PROC_3E0337Z == 0.0 & AGE_HIGHER_60 == 1.0 & AGE_40_60 == 0 & ANTECEDENTS_PROC_3E013NZ == 0 & ANTECEDENTS_PROC_3E013GC == 1.0 & ANTECEDENTS_PROC_3E033NZ == 1.0 & SEXO == 0.0 & ANTECEDENTS_DIA_SHORT_I10 == 1 & ANTECEDENTS_PROC_5A1955Z == 0.0 & ANTECEDENTS_PROC_8E0ZXY6 == 1.0 & ANTECEDENTS_PROC_3E0333Z == 1.0 & ANTECEDENTS_PROC_BW03ZZZ == 0,1,1
ANTECEDENTS_PROC_3E0337Z == 0.0 & AGE_HIGHER_60 == 1.0 & AGE_40_60 == 0 & ANTECEDENTS_PROC_3E013NZ == 0 & ANTECEDENTS_PROC_3E013GC == 1.0 & ANTECEDENTS_PROC_3E033NZ == 1.0 & SEXO == 0.0 & ANTECEDENTS_DIA_SHORT_I10 == 1 & ANTECEDENTS_PROC_5A1955Z == 0.0 & ANTECEDENTS_PROC_8E0ZXY6 == 1.0 & ANTECEDENTS_PROC_3E0333Z == 1.0 & ANTECEDENTS_PROC_BW03ZZZ == 1,1,1
ANTECEDENTS_PROC_3E0337Z == 0.0 & AGE_HIGHER_60 == 0.0 & AGE_40_60 == 1 & ANTECEDENTS_PROC_3E013NZ == 0 & ANTECEDENTS_PROC_3E013GC == 1.0 & ANTECEDENTS_PROC_3E0333Z == 0,9,9
ANTECEDENTS_PROC_3E0337Z == 0.0 & AGE_HIGHER_60 == 0.0 & AGE_40_60 == 1 & ANTECEDENTS_PROC_3E013NZ == 0 & ANTECEDENTS_PROC_3E013GC == 1.0 & ANTECEDENTS_PROC_3E0333Z == 1,5,5
ANTECEDENTS_PROC_3E0337Z == 1.0 & AGE_HIGHER_60 == 1.0 & AGE_40_60 == 0 & ANTECEDENTS_PROC_3E013NZ == 0 & ANTECEDENTS_PROC_3E013GC == 1.0 & ANTECEDENTS_PROC_3E0333Z == 0.0 & ANTECEDENTS_PROC_3E033NZ == 1.0 & ANTECEDENTS_PROC_8E0ZXY6 == 1.0 & SEXO == 1.0 & ANTECEDENTS_PROC_BW03ZZZ == 0,2,2
ANTECEDENTS_PROC_3E0337Z == 0.0 & AGE_HIGHER_60 == 1.0 & AGE_40_60 == 0 & ANTECEDENTS_PROC_3E013NZ == 0 & ANTECEDENTS_PROC_3E013GC == 0.0 & ANTECEDENTS_PROC_3E033NZ == 1.0 & SEXO == 0.0 & ANTECEDENTS_DIA_SHORT_I10 == 0 & ANTECEDENTS_PROC_5A1955Z == 0.0 & ANTECEDENTS_PROC_8E0ZXY6 == 1.0 & ANTECEDENTS_PROC_3E0333Z == 1.0 & ANTECEDENTS_PROC_BW03ZZZ == 1,1,1
ANTECEDENTS_PROC_3E0337Z == 0.0 & AGE_HIGHER_60 == 1.0 & AGE_40_60 == 0 & ANTECEDENTS_PROC_3E013NZ == 0 & ANTECEDENTS_PROC_3E013GC == 0.0 & ANTECEDENTS_PROC_8E0ZXY6 == 1.0 & ANTECEDENTS_PROC_3E033NZ == 1.0 & AGE_LOWER_40 == 0.0 & SEXO == 0 & ANTECEDENTS_DIA_SHORT_J80 == 0 & ANTECEDENTS_DIA_SHORT_I10 == 1.0 & ANTECEDENTS_PROC_3E0333Z == 1.0 & ANTECEDENTS_PROC_3E0F7GC == 1,1,1
ANTECEDENTS_PROC_3E0337Z == 0.0 & AGE_HIGHER_60 == 1.0 & AGE_40_60 == 0 & ANTECEDENTS_PROC_3E013NZ == 0 & ANTECEDENTS_PROC_3E013GC == 0.0 & ANTECEDENTS_PROC_8E0ZXY6 == 1.0 & SEXO == 0.0 & ANTECEDENTS_PROC_3E033NZ == 0 & ANTECEDENTS_DIA_SHORT_R99 == 0.0 & ANTECEDENTS_DIA_SHORT_I10 == 0.0 & ANTECEDENTS_PROC_3E033GC == 0,2,2
ANTECEDENTS_PROC_3E0337Z == 0.0 & AGE_HIGHER_60 == 1.0 & AGE_40_60 == 0 & ANTECEDENTS_PROC_3E013NZ == 0 & ANTECEDENTS_PROC_3E013GC == 0.0 & ANTECEDENTS_PROC_8E0ZXY6 == 1.0 & SEXO == 1.0 & ANTECEDENTS_PROC_3E033NZ == 0 & ANTECEDENTS_DIA_SHORT_R99 == 0.0 & ANTECEDENTS_DIA_SHORT_I10 == 0,2,2
ANTECEDENTS_PROC_3E0337Z == 0.0 & AGE_HIGHER_60 == 1.0 & AGE_40_60 == 0 & ANTECEDENTS_PROC_3E013NZ == 0 & ANTECEDENTS_PROC_3E013GC == 0.0 & ANTECEDENTS_PROC_8E0ZXY6 == 1.0 & SEXO == 1.0 & ANTECEDENTS_PROC_3E033NZ == 0 & ANTECEDENTS_DIA_SHORT_R99 == 0.0 & ANTECEDENTS_DIA_SHORT_I10 == 1,2,2
ANTECEDENTS_PROC_3E0337Z == 0.0 & AGE_HIGHER_60 == 1.0 & AGE_40_60 == 0 & ANTECEDENTS_PROC_3E013NZ == 0 & ANTECEDENTS_PROC_3E013GC == 1.0 & ANTECEDENTS_PROC_8E0ZXY6 == 0.0 & ANTECEDENTS_PROC_3E033NZ == 0,4,4
ANTECEDENTS_PROC_3E0337Z == 0.0 & AGE_HIGHER_60 == 1.0 & AGE_40_60 == 0 & ANTECEDENTS_PROC_3E013NZ == 0 & ANTECEDENTS_PROC_3E013GC == 1.0 & ANTECEDENTS_PROC_8E0ZXY6 == 1.0 & ANTECEDENTS_PROC_3E033NZ == 0.0 & AGE_LOWER_40 == 0.0 & SEXO == 0,9,9
ANTECEDENTS_PROC_3E0337Z == 0.0 & AGE_HIGHER_60 == 1.0 & AGE_40_60 == 0 & ANTECEDENTS_PROC_3E013NZ == 0 & ANTECEDENTS_PROC_3E013GC == 1.0 & ANTECEDENTS_PROC_8E0ZXY6 == 1.0 & ANTECEDENTS_PROC_3E033NZ == 0.0 & AGE_LOWER_40 == 0.0 & SEXO == 1,8,8
ANTECEDENTS_PROC_3E0337Z == 0.0 & AGE_HIGHER_60 == 1.0 & AGE_40_60 == 0 & ANTECEDENTS_PROC_3E013NZ == 0 & ANTECEDENTS_PROC_3E013GC == 1.0 & ANTECEDENTS_PROC_3E033NZ == 1.0 & ANTECEDENTS_PROC_8E0ZXY6 == 1.0 & ANTECEDENTS_DIA_SHORT_I10 == 1.0 & SEXO == 0.0 & ANTECEDENTS_PROC_3E0333Z == 0 & ANTECEDENTS_PROC_BW03ZZZ == 1,1,1
ANTECEDENTS_PROC_3E0337Z == 0.0 & AGE_HIGHER_60 == 1.0 & AGE_40_60 == 0 & ANTECEDENTS_PROC_3E013GC == 0 & ANTECEDENTS_PROC_3E013NZ == 0.0 & ANTECEDENTS_PROC_3E0333Z == 0.0 & ANTECEDENTS_PROC_3E033NZ == 1.0 & ANTECEDENTS_PROC_BW03ZZZ == 1.0 & SEXO == 1,4,4
ANTECEDENTS_PROC_3E0337Z == 0.0 & AGE_HIGHER_60 == 1.0 & AGE_40_60 == 0 & ANTECEDENTS_PROC_3E013GC == 1 & ANTECEDENTS_PROC_3E013NZ == 0.0 & ANTECEDENTS_PROC_3E0333Z == 0.0 & ANTECEDENTS_PROC_3E033NZ == 0,18,18
ANTECEDENTS_PROC_3E0337Z == 0.0 & AGE_HIGHER_60 == 0.0 & AGE_40_60 == 1 & ANTECEDENTS_PROC_3E013NZ == 0 & ANTECEDENTS_PROC_3E013GC == 1.0 & ANTECEDENTS_PROC_3E033NZ == 1.0 & ANTECEDENTS_PROC_8E0ZXY6 == 1.0 & ANTECEDENTS_DIA_SHORT_I10 == 1.0 & SEXO == 0,1,1
ANTECEDENTS_PROC_3E0337Z == 1.0 & AGE_HIGHER_60 == 1.0 & AGE_40_60 == 0 & ANTECEDENTS_PROC_3E013NZ == 0 & ANTECEDENTS_PROC_3E013GC == 1.0 & ANTECEDENTS_PROC_8E0ZXY6 == 1.0 & ANTECEDENTS_PROC_3E033NZ == 1.0 & AGE_LOWER_40 == 0.0 & SEXO == 1 & ANTECEDENTS_PROC_BW03ZZZ == 1 & ANTECEDENTS_DIA_SHORT_I10 == 0.0 & ANTECEDENTS_PROC_5A1955Z == 0.0 & ANTECEDENTS_PROC_3E0333Z == 0,1,1
ANTECEDENTS_PROC_3E0337Z == 0.0 & AGE_HIGHER_60 == 1.0 & AGE_40_60 == 0 & ANTECEDENTS_PROC_3E013NZ == 0 & ANTECEDENTS_PROC_3E013GC == 1.0 & ANTECEDENTS_PROC_8E0ZXY6 == 1.0 & ANTECEDENTS_PROC_3E033NZ == 1.0 & AGE_LOWER_40 == 0.0 & SEXO == 0 & ANTECEDENTS_DIA_SHORT_J80 == 0 & ANTECEDENTS_DIA_SHORT_I10 == 1.0 & ANTECEDENTS_PROC_3E0333Z == 0.0 & ANTECEDENTS_PROC_3E0F7GC == 0.0 & ANTECEDENTS_PROC_BW03ZZZ == 1,1,1
ANTECEDENTS_PROC_3E0337Z == 0.0 & AGE_HIGHER_60 == 1.0 & AGE_40_60 == 0 & ANTECEDENTS_PROC_3E013NZ == 0 & ANTECEDENTS_PROC_3E013GC == 0.0 & ANTECEDENTS_PROC_3E033NZ == 0.0 & SEXO == 1.0 & ANTECEDENTS_PROC_8E0ZXY6 == 1 & AGE_LOWER_40 == 0.0 & ANTECEDENTS_PROC_3E0F7GC == 0,2,2
ANTECEDENTS_PROC_3E0337Z == 0.0 & AGE_HIGHER_60 == 1.0 & AGE_40_60 == 0 & ANTECEDENTS_PROC_3E013NZ == 0 & ANTECEDENTS_PROC_3E013GC == 0.0 & ANTECEDENTS_PROC_3E033NZ == 0.0 & SEXO == 1.0 & ANTECEDENTS_PROC_8E0ZXY6 == 1 & AGE_LOWER_40 == 0.0 & ANTECEDENTS_PROC_3E0F7GC == 1,2,2
ANTECEDENTS_PROC_3E0337Z == 0.0 & AGE_HIGHER_60 == 0.0 & AGE_40_60 == 0,12,12
ANTECEDENTS_PROC_3E0337Z == 0.0 & AGE_HIGHER_60 == 0.0 & AGE_40_60 == 1,31,31
ANTECEDENTS_PROC_3E0337Z == 0.0 & AGE_HIGHER_60 == 1.0 & AGE_40_60 == 0 & ANTECEDENTS_PROC_3E013GC == 1 & ANTECEDENTS_PROC_3E013NZ == 0.0 & ANTECEDENTS_PROC_3E0333Z == 0.0 & ANTECEDENTS_PROC_3E033NZ == 1.0 & ANTECEDENTS_PROC_BW03ZZZ == 1.0 & SEXO == 0,2,2
ANTECEDENTS_PROC_3E0337Z == 0.0 & AGE_HIGHER_60 == 1.0 & AGE_40_60 == 0 & ANTECEDENTS_PROC_3E013NZ == 0 & ANTECEDENTS_PROC_3E013GC == 1.0 & ANTECEDENTS_PROC_3E0333Z == 1.0 & ANTECEDENTS_PROC_3E033NZ == 1.0 & ANTECEDENTS_PROC_8E0ZXY6 == 1.0 & SEXO == 0.0 & ANTECEDENTS_PROC_BW03ZZZ == 0,1,1
ANTECEDENTS_PROC_3E0337Z == 1.0 & AGE_HIGHER_60 == 1.0 & AGE_40_60 == 0 & ANTECEDENTS_PROC_3E013NZ == 0 & ANTECEDENTS_PROC_3E013GC == 1.0 & ANTECEDENTS_PROC_3E033NZ == 1.0 & SEXO == 1.0 & ANTECEDENTS_PROC_8E0ZXY6 == 1 & AGE_LOWER_40 == 0.0 & ANTECEDENTS_PROC_3E0F7GC == 0 & ANTECEDENTS_DIA_SHORT_G20 == 0.0 & ANTECEDENTS_PROC_3E0333Z == 0.0 & ANTECEDENTS_DIA_SHORT_I10 == 0,3,3
ANTECEDENTS_PROC_3E0337Z == 1.0 & AGE_HIGHER_60 == 1.0 & AGE_40_60 == 0 & ANTECEDENTS_PROC_3E013NZ == 0 & ANTECEDENTS_PROC_3E013GC == 1.0 & ANTECEDENTS_PROC_8E0ZXY6 == 1.0 & ANTECEDENTS_PROC_3E033NZ == 0.0 & ANTECEDENTS_PROC_BW03ZZZ == 1.0 & SEXO == 1.0 & ANTECEDENTS_PROC_3E033GC == 1,1,1
ANTECEDENTS_PROC_3E0337Z == 1.0 & AGE_HIGHER_60 == 1.0 & AGE_40_60 == 0 & ANTECEDENTS_PROC_3E013NZ == 0 & ANTECEDENTS_PROC_3E013GC == 1.0 & ANTECEDENTS_PROC_8E0ZXY6 == 1.0 & ANTECEDENTS_PROC_3E033NZ == 0.0 & ANTECEDENTS_PROC_BW03ZZZ == 1.0 & SEXO == 1,1,1
ANTECEDENTS_PROC_3E0337Z == 0.0 & AGE_HIGHER_60 == 1.0 & AGE_40_60 == 0 & ANTECEDENTS_PROC_3E013NZ == 0 & ANTECEDENTS_PROC_3E013GC == 1.0 & ANTECEDENTS_PROC_8E0ZXY6 == 1.0 & SEXO == 0.0 & ANTECEDENTS_PROC_3E033NZ == 1 & ANTECEDENTS_DIA_SHORT_R99 == 0.0 & ANTECEDENTS_DIA_SHORT_I10 == 1.0 & ANTECEDENTS_PROC_3E033GC == 0,1,1
ANTECEDENTS_PROC_3E0337Z == 0.0 & AGE_HIGHER_60 == 1.0 & AGE_40_60 == 0 & ANTECEDENTS_PROC_3E013NZ == 0 & ANTECEDENTS_PROC_3E013GC == 1.0 & ANTECEDENTS_PROC_8E0ZXY6 == 1.0 & SEXO == 0.0 & ANTECEDENTS_PROC_3E033NZ == 1 & ANTECEDENTS_DIA_SHORT_R99 == 0.0 & ANTECEDENTS_DIA_SHORT_I10 == 1.0 & ANTECEDENTS_PROC_3E033GC == 1,2,2
ANTECEDENTS_PROC_3E0337Z == 0.0 & AGE_HIGHER_60 == 1.0 & AGE_40_60 == 0 & ANTECEDENTS_PROC_3E013NZ == 0 & ANTECEDENTS_PROC_3E013GC == 1.0 & ANTECEDENTS_PROC_8E0ZXY6 == 1.0 & ANTECEDENTS_PROC_3E033NZ == 0,17,17
ANTECEDENTS_PROC_3E0337Z == 0.0 & AGE_HIGHER_60 == 1.0 & AGE_40_60 == 0 & ANTECEDENTS_PROC_3E013NZ == 0 & ANTECEDENTS_PROC_3E013GC == 0.0 & ANTECEDENTS_PROC_3E033NZ == 1.0 & ANTECEDENTS_PROC_8E0ZXY6 == 1.0 & ANTECEDENTS_DIA_SHORT_I10 == 1.0 & SEXO == 1,1,1
ANTECEDENTS_PROC_3E0337Z == 0.0 & AGE_HIGHER_60 == 1.0 & AGE_40_60 == 0 & ANTECEDENTS_PROC_3E013NZ == 0 & ANTECEDENTS_PROC_3E013GC == 0.0 & ANTECEDENTS_PROC_3E033NZ == 1.0 & SEXO == 0.0 & ANTECEDENTS_PROC_8E0ZXY6 == 1 & AGE_LOWER_40 == 0.0 & ANTECEDENTS_PROC_3E0F7GC == 0 & ANTECEDENTS_DIA_SHORT_G20 == 0.0 & ANTECEDENTS_PROC_3E0333Z == 0.0 & ANTECEDENTS_DIA_SHORT_I10 == 0.0 & ANTECEDENTS_PROC_BW03ZZZ == 1.0 & ANTECEDENTS_PROC_3E033GC == 0,5,5
ANTECEDENTS_PROC_3E0337Z == 0.0 & AGE_HIGHER_60 == 0.0 & AGE_40_60 == 1 & ANTECEDENTS_PROC_3E013NZ == 0 & ANTECEDENTS_PROC_3E013GC == 1.0 & ANTECEDENTS_PROC_3E033NZ == 1.0 & SEXO == 1.0 & ANTECEDENTS_PROC_8E0ZXY6 == 1 & AGE_LOWER_40 == 0.0 & ANTECEDENTS_PROC_3E0F7GC == 0,2,2
ANTECEDENTS_PROC_3E0337Z == 0.0 & AGE_HIGHER_60 == 1.0 & AGE_40_60 == 0 & ANTECEDENTS_PROC_3E013NZ == 0 & ANTECEDENTS_PROC_3E013GC == 1.0 & ANTECEDENTS_PROC_8E0ZXY6 == 1.0 & ANTECEDENTS_PROC_3E033NZ == 0.0 & AGE_LOWER_40 == 0.0 & SEXO == 0 & ANTECEDENTS_DIA_SHORT_J80 == 0,9,9
ANTECEDENTS_PROC_3E0337Z == 0.0 & AGE_HIGHER_60 == 1.0 & AGE_40_60 == 0 & ANTECEDENTS_PROC_3E013NZ == 0 & ANTECEDENTS_PROC_3E013GC == 1.0 & ANTECEDENTS_PROC_8E0ZXY6 == 1.0 & ANTECEDENTS_PROC_3E033NZ == 0.0 & AGE_LOWER_40 == 0.0 & SEXO == 0 & ANTECEDENTS_PROC_BW03ZZZ == 0,4,4
ANTECEDENTS_PROC_3E0337Z == 0.0 & AGE_HIGHER_60 == 1.0 & AGE_40_60 == 0 & ANTECEDENTS_PROC_3E013NZ == 0 & ANTECEDENTS_PROC_3E013GC == 1.0 & ANTECEDENTS_PROC_8E0ZXY6 == 1.0 & ANTECEDENTS_PROC_3E033NZ == 0.0 & AGE_LOWER_40 == 0.0 & SEXO == 0 & ANTECEDENTS_PROC_BW03ZZZ == 1,5,5
ANTECEDENTS_PROC_3E0337Z == 0.0 & AGE_HIGHER_60 == 1.0 & AGE_40_60 == 0 & ANTECEDENTS_PROC_3E013NZ == 0 & ANTECEDENTS_PROC_3E013GC == 0.0 & ANTECEDENTS_PROC_3E0333Z == 1.0 & ANTECEDENTS_PROC_3E033NZ == 1.0 & ANTECEDENTS_PROC_8E0ZXY6 == 1.0 & SEXO == 0,2,2
ANTECEDENTS_PROC_3E0337Z == 0.0 & AGE_HIGHER_60 == 1.0 & AGE_40_60 == 0 & ANTECEDENTS_PROC_3E013NZ == 0 & ANTECEDENTS_PROC_3E013GC == 1.0 & ANTECEDENTS_PROC_8E0ZXY6 == 1.0 & ANTECEDENTS_PROC_3E033NZ == 1.0 & AGE_LOWER_40 == 0.0 & SEXO == 1,1,1
ANTECEDENTS_PROC_3E0337Z == 1.0 & AGE_HIGHER_60 == 1.0 & AGE_40_60 == 0 & ANTECEDENTS_PROC_3E013NZ == 0 & ANTECEDENTS_PROC_3E013GC == 1.0 & ANTECEDENTS_PROC_3E033NZ == 1.0 & SEXO == 1.0 & ANTECEDENTS_DIA_SHORT_I10 == 0 & ANTECEDENTS_PROC_5A1955Z == 0.0 & ANTECEDENTS_PROC_8E0ZXY6 == 1,3,3
ANTECEDENTS_PROC_3E0337Z == 0.0 & AGE_HIGHER_60 == 1.0 & AGE_40_60 == 0 & ANTECEDENTS_PROC_3E013GC == 0 & ANTECEDENTS_PROC_3E013NZ == 0.0 & ANTECEDENTS_PROC_3E0333Z == 0.0 & ANTECEDENTS_PROC_3E033NZ == 0.0 & ANTECEDENTS_PROC_BW03ZZZ == 1.0 & SEXO == 1.0 & ANTECEDENTS_DIA_SHORT_I10 == 0,2,2
ANTECEDENTS_PROC_3E0337Z == 0.0 & AGE_HIGHER_60 == 1.0 & AGE_40_60 == 0 & ANTECEDENTS_PROC_3E013GC == 0 & ANTECEDENTS_PROC_3E013NZ == 0.0 & ANTECEDENTS_PROC_3E0333Z == 0.0 & ANTECEDENTS_PROC_3E033NZ == 0.0 & ANTECEDENTS_PROC_BW03ZZZ == 1.0 & SEXO == 1.0 & ANTECEDENTS_DIA_SHORT_I10 == 1,1,1
ANTECEDENTS_PROC_3E0337Z == 1.0 & AGE_HIGHER_60 == 0.0 & AGE_40_60 == 1 & ANTECEDENTS_PROC_3E013NZ == 0 & ANTECEDENTS_PROC_3E013GC == 0.0 & ANTECEDENTS_PROC_8E0ZXY6 == 1.0 & SEXO == 0,1,1
ANTECEDENTS_PROC_3E0337Z == 1.0 & AGE_HIGHER_60 == 1.0 & AGE_40_60 == 0 & ANTECEDENTS_PROC_3E013NZ == 0 & ANTECEDENTS_PROC_3E013GC == 1.0 & ANTECEDENTS_PROC_8E0ZXY6 == 1.0 & ANTECEDENTS_PROC_3E033NZ == 0.0 & AGE_LOWER_40 == 0.0 & SEXO == 0 & ANTECEDENTS_PROC_BW03ZZZ == 0,1,1
ANTECEDENTS_PROC_3E0337Z == 0.0 & AGE_HIGHER_60 == 0.0 & AGE_40_60 == 1 & ANTECEDENTS_PROC_3E013NZ == 0 & ANTECEDENTS_PROC_3E013GC == 1.0 & ANTECEDENTS_PROC_3E033NZ == 1.0 & ANTECEDENTS_PROC_3E0333Z == 1.0 & SEXO == 0,2,2
ANTECEDENTS_PROC_3E0337Z == 0.0 & AGE_HIGHER_60 == 0.0 & AGE_40_60 == 1 & ANTECEDENTS_PROC_3E013NZ == 0 & ANTECEDENTS_PROC_3E013GC == 1.0 & ANTECEDENTS_PROC_3E033NZ == 1.0 & ANTECEDENTS_PROC_3E0333Z == 1.0 & SEXO == 1,1,1
ANTECEDENTS_PROC_3E0337Z == 0.0 & AGE_HIGHER_60 == 1.0 & AGE_40_60 == 0 & ANTECEDENTS_PROC_3E013GC == 1 & ANTECEDENTS_PROC_3E013NZ == 0.0 & ANTECEDENTS_PROC_3E0333Z == 1.0 & ANTECEDENTS_PROC_3E033NZ == 1.0 & ANTECEDENTS_PROC_BW03ZZZ == 1.0 & SEXO == 0.0 & ANTECEDENTS_DIA_SHORT_I10 == 1,1,1
ANTECEDENTS_PROC_3E0337Z == 0.0 & AGE_HIGHER_60 == 1.0 & AGE_40_60 == 0 & ANTECEDENTS_PROC_3E013NZ == 0 & ANTECEDENTS_PROC_3E013GC == 1,28,30
ANTECEDENTS_PROC_3E0337Z == 1.0 & AGE_HIGHER_60 == 0,12,12
ANTECEDENTS_PROC_3E0337Z == 1.0 & AGE_HIGHER_60 == 0.0 & AGE_40_60 == 1 & ANTECEDENTS_PROC_3E013NZ == 0 & ANTECEDENTS_PROC_3E013GC == 0,1,1
ANTECEDENTS_PROC_3E0337Z == 1.0 & AGE_HIGHER_60 == 0.0 & AGE_40_60 == 1 & ANTECEDENTS_PROC_3E013NZ == 0 & ANTECEDENTS_PROC_3E013GC == 1,9,9
